"ID","Name","Type"
"Body.SportsCar.AA","Ace","Car"
"Body.SportsCar.Aftershock","Aftershock","Car"
"Body.SportsCar.AkumaT1","Nissan Fairlady Z","Car"
"Body.SportsCar.AkumaT2","Nissan Fairlady Z RLE","Car"
"Body.SportsCar.Alokin","Ford Mustang GTD","Car"
"Body.SportsCar.Amber","007's Aston Martin DB5","Car"
"Body.SportsCar.Arrow","McLaren P1","Car"
"Body.SportsCar.Atoyot","NASCAR Toyota Camry","Car"
"Body.SportsCar.Backfire","Backfire","Car"
"Body.SportsCar.Bawu","Porsche 918 Spyder","Car"
"Body.SportsCar.BeakT2Fire","Emperor II: Scorched","Car"
"Body.SportsCar.BeakT2Ice","Emperor II: Frozen","Car"
"Body.SportsCar.Berry","The Dark Knight's Tumbler","Car"
"Body.SportsCar.BoberT1","BMW 1 Series","Car"
"Body.SportsCar.BoberT2","BMW 1 Series RLE","Car"
"Body.SportsCar.Brick","Tygris","Car"
"Body.SportsCar.Bullet","McLaren Senna","Car"
"Body.SportsCar.BurnishedRaven","Cadillac CT5-V Blackwing","Car"
"Body.SportsCar.ButterT1","Porsche 911 Turbo","Car"
"Body.SportsCar.ButterT2","Porsche 911 Turbo RLE","Car"
"Body.SportsCar.Cannonboy","Triton","Car"
"Body.SportsCar.Carrot","Diestro","Car"
"Body.SportsCar.Challah","Fast & Furious Dodge Charger","Car"
"Body.SportsCar.Charged","Ice Charger","Car"
"Body.SportsCar.Chrisp","BMW M3 (E30)","Car"
"Body.SportsCar.Claw","Fast & Furious Dodge Charger SRT Hellcat","Car"
"Body.SportsCar.CobaltDagger","Volkswagen Golf GTI Edition 50","Car"
"Body.SportsCar.Crikey","Breakout X","Car"
"Body.SportsCar.Cured","Formula 1 2022","Car"
"Body.SportsCar.Cutie","Chevrolet Corvette Stingray","Car"
"Body.SportsCar.Darkcar","Batmobile (2016)","Car"
"Body.SportsCar.DurianT1","Chikara","Car"
"Body.SportsCar.DurianT2","Chikara G1","Car"
"Body.SportsCar.DurianT3","Chikara GXT","Car"
"Body.SportsCar.Eagle","Chevrolet Corvette ZR1","Car"
"Body.SportsCar.Econ","Mercedes-Benz CLA","Car"
"Body.SportsCar.Edison","Dodge Charger Daytona Scat Pack","Car"
"Body.SportsCar.Eggplant","Batmobile (1989)","Car"
"Body.SportsCar.EmberCrow","?INT?Product","Car"
"Body.SportsCar.Endo","Endo","Car"
"Body.SportsCar.EnspierT1","Artemis","Car"
"Body.SportsCar.EnspierT2","Artemis G1","Car"
"Body.SportsCar.EnspierT3","Artemis GXT","Car"
"Body.SportsCar.FancyFlake","Dodge Viper GTS-R","Car"
"Body.SportsCar.Feline","K.I.T.T","Car"
"Body.SportsCar.Flatbread","Mantis","Car"
"Body.SportsCar.Focaccia","Animus GP","Car"
"Body.SportsCar.Force","Breakout","Car"
"Body.SportsCar.Fracture","Formula 1 2021","Car"
"Body.SportsCar.Fuego","Fast & Furious Pontiac Fiero","Car"
"Body.SportsCar.Futura","Azura","Car"
"Body.SportsCar.Garage","Ferrari F40","Car"
"Body.SportsCar.GhostRebel","Scorpion","Car"
"Body.SportsCar.Gilliam","Vulcan","Car"
"Body.SportsCar.Grain","Fennec","Car"
"Body.SportsCar.GreyCar","Back To The Future Time Machine","Car"
"Body.SportsCar.Heaven","007's Aston Martin Valhalla","Car"
"Body.SportsCar.Hero","The Incredibile","Car"
"Body.SportsCar.HicT1","Honda Civic Type R","Car"
"Body.SportsCar.HicT2","Honda Civic Type R-LE","Car"
"Body.SportsCar.HydeT1","Magnifique","Car"
"Body.SportsCar.HydeT2","Magnifique GXT","Car"
"Body.SportsCar.Import","Takumi","Car"
"Body.SportsCar.Interceptor","Ripper","Car"
"Body.SportsCar.IvoryCascade","Lamborghini Temerario GT3","Car"
"Body.SportsCar.Jam","Porsche 911 GT3 RS","Car"
"Body.SportsCar.Jekyll","Corlay","Car"
"Body.SportsCar.Jinn","Redline","Car"
"Body.SportsCar.Keanu","Mako","Car"
"Body.SportsCar.KusanagiT1","Ronin","Car"
"Body.SportsCar.KusanagiT2","Ronin G1","Car"
"Body.SportsCar.KusanagiT3","Ronin GXT","Car"
"Body.SportsCar.LawnAero","?INT?Product","Car"
"Body.SportsCar.Legojinn","?INT?Product","Car"
"Body.SportsCar.Levain","Werewolf","Car"
"Body.SportsCar.Macht","Mercedes-AMG GT 63 S","Car"
"Body.SportsCar.Maddog","?INT?Product","Car"
"Body.SportsCar.Magnet","Ford Mustang Shelby GT500","Car"
"Body.SportsCar.MangoT1","Guardian","Car"
"Body.SportsCar.MangoT2","Guardian G1","Car"
"Body.SportsCar.MangoT3","Guardian GXT","Car"
"Body.SportsCar.Manual","Pontiac Firebird","Car"
"Body.SportsCar.Maple","Jurassic Jeep® Wrangler","Car"
"Body.SportsCar.Maser","Mamba","Car"
"Body.SportsCar.MauiT1","Nomad","Car"
"Body.SportsCar.Melonpan","Fast & Furious Nissan Skyline","Car"
"Body.SportsCar.Mitty","Komodo","Car"
"Body.SportsCar.MoonFlaxSportsCar","Lockjaw","Car"
"Body.SportsCar.Multigrain","Imperator DT5","Car"
"Body.SportsCar.Musclecar","Dominus","Car"
"Body.SportsCar.MuscleCar2","Dominus GT","Car"
"Body.SportsCar.NeoBike","Esper","Car"
"Body.SportsCar.NeoCar","Masamune","Car"
"Body.SportsCar.NeonMarmot","Dominus GT 76","Car"
"Body.SportsCar.NeptuneShell","Maserati G2 Stradale","Car"
"Body.SportsCar.Nerd","Nissan Skyline GT-R (R32)","Car"
"Body.SportsCar.NortonT1","Nexus","Car"
"Body.SportsCar.NortonT2","Nexus SC","Car"
"Body.SportsCar.Numb","Aston Martin Valhalla","Car"
"Body.SportsCar.Number6","Proteus","Car"
"Body.SportsCar.O2","Octane ZSR","Car"
"Body.SportsCar.Oblong","Lamborghini Huracán STO","Car"
"Body.SportsCar.Octane","Octane","Car"
"Body.SportsCar.ODB","Admiral","Car"
"Body.SportsCar.OpticOrange","Gummi Ship","Car"
"Body.SportsCar.Peach","Insidio","Car"
"Body.SportsCar.Pete","Fast & Furious Mazda RX-7","Car"
"Body.SportsCar.Pickle","Void Burn","Car"
"Body.SportsCar.Pixie","Lightning McQueen","Car"
"Body.SportsCar.Pumpernickel","Centio","Car"
"Body.SportsCar.Quartz","007's Aston Martin DBS","Car"
"Body.SportsCar.RaddishT1","Tyranno","Car"
"Body.SportsCar.RaddishT2","Tyranno GXT","Car"
"Body.SportsCar.Rafael","Ferrari 296 GTB","Car"
"Body.SportsCar.Rage","Lamborghini Countach LPI 800-4","Car"
"Body.SportsCar.Ramen","Dingo","Car"
"Body.SportsCar.Ran","McLaren 765LT","Car"
"Body.SportsCar.RattrapT1","Outlaw","Car"
"Body.SportsCar.RattrapT2","Outlaw GXT","Car"
"Body.Sportscar.Rebar","Diesel","Car"
"Body.Sportscar.Retro","Nimbus","Car"
"Body.SportsCar.RevivalLine","Nissan GT-R Nismo","Car"
"Body.SportsCar.Ron","McLaren 570S","Car"
"Body.SportsCar.Ruckus","Xentari","Car"
"Body.Sportscar.RyeT1","Maverick","Car"
"Body.Sportscar.RyeT2","Maverick G1","Car"
"Body.Sportscar.RyeT3","Maverick GXT","Car"
"Body.SportsCar.RyzaRevT1","Ryza Trophy","Car"
"Body.SportsCar.RyzaRevT2","Ryza T60","Car"
"Body.SportsCar.Safari","Pareto 5S","Car"
"Body.SportsCar.Sassy","Nissan Z Performance","Car"
"Body.SportsCar.Scaled","?INT?Product","Car"
"Body.SportsCar.ScarA","NASCAR Next Gen Ford Mustang","Car"
"Body.SportsCar.ScarB","NASCAR Next Gen Chevrolet Camaro","Car"
"Body.SportsCar.ScarC","NASCAR Next Gen Toyota Camry","Car"
"Body.SportsCar.SeasaltT1","Nissan Silvia","Car"
"Body.SportsCar.SeasaltT2","Nissan Silvia RLE","Car"
"Body.SportsCar.Seba","Quadra Turbo-R","Car"
"Body.SportsCar.Shark","Peregrine TT","Car"
"Body.Sportscar.Sixty","BMW M240i","Car"
"Body.SportsCar.Skunkz","Primo","Car"
"Body.Sportscar.Slick","Megastar","Car"
"Body.SportsCar.Smitty","?INT?Product","Car"
"Body.SportsCar.Smoke","1966 Cadillac DeVille","Car"
"Body.SportsCar.Sourdough","Jäger 619","Car"
"Body.SportsCar.Spark","Gizmo","Car"
"Body.SportsCar.Spartan","Beskar","Car"
"Body.SportsCar.Spike","Havoc","Car"
"Body.SportsCar.SportyTack","Zefira","Car"
"Body.SportsCar.Sprinkle","Homer's Car","Car"
"Body.SportsCar.Squash","Cyclone","Car"
"Body.SportsCar.StubbyHog","BMW M2 Racing","Car"
"Body.SportsCar.SuperCar","?INT?Product","Car"
"Body.SportsCar.SuperOmega","Maven","Car"
"Body.SportsCar.Takumiii","Takumi RX-T","Car"
"Body.SportsCar.Ten","Bugatti Centodieci","Car"
"Body.SportsCar.Thorn","?INT?Product","Car"
"Body.SportsCar.Thrice","Fuse","Car"
"Body.SportsCar.Tomahawk","Jackal","Car"
"Body.SportsCar.Tomb","Batmobile (2022)","Car"
"Body.SportsCar.Topple","BMW M4 GT3 EVO","Car"
"Body.SportsCar.Torch","X-Devil","Car"
"Body.SportsCar.Torch2","X-Devil Mk2","Car"
"Body.SportsCar.Torment","Hotshot","Car"
"Body.SportsCar.TrackSpice","Mercedes 190E Evo II","Car"
"Body.SportsCar.TurtleModem","Hyundai Ioniq 6","Car"
"Body.SportsCar.Twinzer","Twinzer","Car"
"Body.SportsCar.UnicornT1","R3MX","Car"
"Body.SportsCar.UnicornT2","R3MX GXT","Car"
"Body.SportsCar.Vanquish","Merc","Car"
"Body.SportsCar.Venom","Venom","Car"
"Body.SportsCar.Wheatbread","Samurai","Car"
"Body.SportsCar.ZakuT1","Shokunin","Car"
"Body.SportsCar.ZakuT2","Shokunin GXT","Car"
"Body.SportsCar.ZedThirty","Nissan 350Z","Car"
"Body.SportsCar.Zippy","Zippy","Car"
"Body.SportsCar.Zrf","Fennec ZR-F","Car"
"Body.SportsCar.Zuse","Revolver","Car"
"Body.SUV.Banjo","The Mystery Machine","Car"
"Body.SUV.Basic","Trailsmasher","Car"
"Body.SUV.BB","Battle Bus","Car"
"Body.SUV.BlueTorque","Porsche Cayenne Turbo Electric","Car"
"Body.SUV.Brigand","?INT?Product","Car"
"Body.SUV.CondorMotor","GMC Sierra 2500 AT4X","Car"
"Body.SUV.Drof","Ford F-150 RLE","Car"
"Body.SUV.Fbrn","Ford Bronco Raptor RLE","Car"
"Body.SUV.Frog","Turtle Van","Car"
"Body.SUV.Future","Tesla Cybertruck","Car"
"Body.SUV.Galaxy","Chevrolet Astro","Car"
"Body.SUV.Greenclaw","Pizza Planet Delivery Truck","Car"
"Body.SUV.Lawrence","Defender D7X-R","Car"
"Body.SUV.Legs","Recoil AV","Car"
"Body.SUV.Lime","Stampede","Car"
"Body.SUV.Lionsmane","Patty Wagon","Car"
"Body.SUV.Maple","Jurassic Jeep® Wrangler","Car"
"Body.SUV.Marauder","Marauder","Car"
"Body.SUV.MoonFlaxSUV","Behemoth","Car"
"Body.SUV.Mudpie","Jeep Wrangler Rubicon","Car"
"Body.SUV.Rhino","Road Hog","Car"
"Body.SUV.Rhino2","Road Hog XL","Car"
"Body.SUV.Rio","Ram 1500 RHO","Car"
"Body.SUV.SandScreen","Jeep Wrangler","Car"
"Body.SUV.SandTote","?INT?Product","Car"
"Body.SUV.SheepBolt","Rivian R1S","Car"
"Body.SUV.Spiquish","?INT?Product","Car"
"Body.SUV.TagTiger","Chrysler Pacifica","Car"
"Body.SUV.Tomato1","?INT?Product","Car"
"Body.SUV.UmbraGenesis","Mona Car","Car"
"Body.SUV.Vanquish","Merc","Car"
"Body.SUV.WastelandTruck","Grog","Car"
"Body.SUV.Wedding","Hearse","Car"
"Body.SUV.Wurst","Lamborghini Urus SE","Car"
"Booster.AlienLiquidPSP","Xenosplash: O+B","Boost"
"Booster.Almond","NFL","Boost"
"Booster.AlphaDevReward","(Alpha Reward) Gold Rush","Boost"
"Booster.AnimeT1","Shining Barrage I","Boost"
"Booster.AnimeT2","Shining Barrage II","Boost"
"Booster.AstralRadiance","Lunaria","Boost"
"Booster.Aurora","Ethereal","Boost"
"Booster.Aurum","Gold Crush","Boost"
"Booster.Autumn","Autumn","Boost"
"Booster.Aventurine","Leek Beam","Boost"
"Booster.AW","Front Row","Boost"
"Booster.Banjo","Mystery Groove","Boost"
"Booster.Baseball","Baseball","Boost"
"Booster.Big","Heat Ray","Boost"
"Booster.BlackFlame","Dark Flame","Boost"
"Booster.BlightShield01","Soul Reaper Rush","Boost"
"Booster.BlueBolt","Synthpop","Boost"
"Booster.Boba","Boba Tea","Boost"
"Booster.CelestialSpark","PopHaze","Boost"
"Booster.Challenger","Season 2 - Challenger","Boost"
"Booster.Champion","Season 2 - Champion","Boost"
"Booster.ChromaticAberration","Chromatic Abberation","Boost"
"Booster.Chrome","Crossfade","Boost"
"Booster.Clockwork","Timeline","Boost"
"Booster.Clown","Joker","Boost"
"Booster.ColorTrip","Color Rush","Boost"
"Booster.ConversionGel","Portal - Conversion Gel","Boost"
"Booster.Core","Corbital","Boost"
"Booster.Courgette01","Remy's Taste","Boost"
"Booster.CrazyShapes","Trapperzoid","Boost"
"Booster.CyberSecurity","Futurist","Boost"
"Booster.Dagger","Bladeblast","Boost"
"Booster.Daikon","Floeburner","Boost"
"Booster.DarkFlame","Electrolic","Boost"
"Booster.DarkMagic","Sear Cell","Boost"
"Booster.Daynight","Starlane","Boost"
"Booster.DecoBlue","Blazed Matrix","Boost"
"Booster.DecoRed","Jet Streamers","Boost"
"Booster.Disco","Disco Ball","Boost"
"Booster.Dragoncat","Soundrave","Boost"
"Booster.DragoncatLTE","Synth-Sonic","Boost"
"Booster.Drof","Ford F-150 RLE","Boost"
"Booster.Drofb","Union Beams","Boost"
"Booster.DyePacket","Bell Saver","Boost"
"Booster.Eclipse","Eclipse","Boost"
"Booster.Edge","Krackle","Boost"
"Booster.Eggplant","Batmobile (1989)","Boost"
"Booster.Electrobeam_fg","Fallout","Boost"
"Booster.ElectroGalactic","Electrogalactic","Boost"
"Booster.Elements","Avatar Elemental","Boost"
"Booster.Energyburst","Cirrus","Boost"
"Booster.Energystrike","Enchanter","Boost"
"Booster.EvilOrnament01","Force Lightning","Boost"
"Booster.EvilOrnament02","Unstable Red Lightsaber","Boost"
"Booster.Fallingstar","StarStud","Boost"
"Booster.Feline","K.I.T.T.","Boost"
"Booster.Firelines","Comet","Boost"
"Booster.Fireworks","Fireworks","Boost"
"Booster.ForestSpirit","Foliage","Boost"
"Booster.FrogLTE2","TCRI Ooze","Boost"
"Booster.Future","Beast Mode","Boost"
"Booster.GenieSmoke","Whimsy Wisp","Boost"
"Booster.Ghosthand","Reaper Hand","Boost"
"Booster.Glitched","InfoSec","Boost"
"Booster.GlitchPSPlus","Glitch P+M","Boost"
"Booster.GlitchyBit","Bitcrush","Boost"
"Booster.GoldBars","Champion's Gold","Boost"
"Booster.GoldenLychee01","Sonic Invincibility","Boost"
"Booster.GoldenOutline","Tsuzure","Boost"
"Booster.Gray","AC Milan (Puma x Off-White)","Boost"
"Booster.GreyCar","OutaTime","Boost"
"Booster.Helix","Cure","Boost"
"Booster.Hero","Frozone's Super Blast","Boost"
"Booster.HHBanjoLTE01","Scooby Snacks","Boost"
"Booster.Holidaydeco","Yuletide","Boost"
"Booster.Holidaylights","Xmas Lights","Boost"
"Booster.HoloGlass","Holo-Hype","Boost"
"Booster.HolyLight","Sacred","Boost"
"Booster.HoneyBees","Bee Hive","Boost"
"Booster.Ht","Oogie's Worms","Boost"
"Booster.IconColors","Infraroad","Boost"
"Booster.Illgraph","Manganese","Boost"
"Booster.Infernovortex","RipRibbon","Boost"
"Booster.Infinite","In-Finite","Boost"
"Booster.InfraredGlow","Infrared","Boost"
"Booster.Ink","Ink","Boost"
"Booster.KittyBasic","PUMA Shoebox","Boost"
"Booster.Koi","Colorful Koi","Boost"
"Booster.Krad","Uncanny","Boost"
"Booster.Lake","Cool Spring","Boost"
"Booster.Lanterns","Lantern Lift","Boost"
"Booster.Lava","Magmus","Boost"
"Booster.Lava2","Red Lightsaber","Boost"
"Booster.Lifeline","Lifeline","Boost"
"Booster.Lightning","Lightning","Boost"
"Booster.LightRay","Swave","Boost"
"Booster.LightSheen","Glare","Boost"
"Booster.LightTrail","Ion","Boost"
"Booster.Lightwave","Proton","Boost"
"Booster.LionsMane01","Jelly Power","Boost"
"Booster.LPFire","2.5D","Boost"
"Booster.LuckyOnyx01","Anti-Magic","Boost"
"Booster.LuminousAirplaneLTE01","Jordan Joga Sinistro","Boost"
"Booster.Magical","Misteek","Boost"
"Booster.MagicFire","Incantor","Boost"
"Booster.MagicSplash","Sea Spray","Boost"
"Booster.Magma","Molten","Boost"
"Booster.MeteorIllustrator","Heartline","Boost"
"Booster.Meteors","Geo Soul","Boost"
"Booster.Modish","Cosmic Cube","Boost"
"Booster.Mooncake","Tornado Boost","Boost"
"Booster.MusicalNotes","Accelerato","Boost"
"Booster.MVP01","?INT?Product","Boost"
"Booster.Necromancer","Rocketmancer","Boost"
"Booster.Neonshapes","Triangulate","Boost"
"Booster.Neonsoul","Gaseous","Boost"
"Booster.NumbLTE01","Gryffindor Scarf","Boost"
"Booster.NumbLTE02","Hufflepuff Scarf","Boost"
"Booster.NumbLTE03","Ravenclaw Scarf","Boost"
"Booster.NumbLTE04","Slytherin Scarf","Boost"
"Booster.Nutsbolts","Nuts & Bolts","Boost"
"Booster.Octo","Octonox","Boost"
"Booster.OpticOrangeLTE01","Star Trails","Boost"
"Booster.Overdriver","Synapse","Boost"
"Booster.Paladin","Manga Magma","Boost"
"Booster.ParalyzingFear","Dark Fire","Boost"
"Booster.Patriot","Pyrotechnix","Boost"
"Booster.Phleyms","Hot Rod","Boost"
"Booster.Phoenix","Phoenix Fire","Boost"
"Booster.Pickles","Pickle","Boost"
"Booster.Plasma","Plasma","Boost"
"Booster.PlasmaEnergy","Chemergy","Boost"
"Booster.PlasmaenergyBW","Chemergency","Boost"
"Booster.Plexus","Trinity","Boost"
"Booster.Pli","Poison Ivy","Boost"
"Booster.Popcorn","Popcorn","Boost"
"Booster.PopStar","Starry","Boost"
"Booster.Powerbeam","Mosher","Boost"
"Booster.Propulsion","Thermal","Boost"
"Booster.PropulsionGel","Portal - Propulsion Gel","Boost"
"Booster.Prospect","Season 2 - Prospect","Boost"
"Booster.PsyDrill","Firecrack","Boost"
"Booster.PulsedEnergy","Sonic Boom","Boost"
"Booster.Pumpkin","Scary Pumpkin","Boost"
"Booster.Raceflames","Racer Flames","Boost"
"Booster.RageUnleashed","Spiritus","Boost"
"Booster.Rainbow","Rainbow","Boost"
"Booster.Rainbow23","Toon Rainbow","Boost"
"Booster.Ramen","Ramen Roller","Boost"
"Booster.RedPlasma","Villainous","Boost"
"Booster.RepulsionGel","Portal - Repulsion Gel","Boost"
"Booster.Retrostrips","Throwback","Boost"
"Booster.Retrotech","Synthwave","Boost"
"Booster.RLCS2401","RLCS Birmingham Major 2025","Boost"
"Booster.RLCSRaleigh","RLCS Raleigh Major 2025","Boost"
"Booster.S11sr01","S11 - Bronze","Boost"
"Booster.S11sr02","S11 - Silver","Boost"
"Booster.S11sr03","S11 - Gold","Boost"
"Booster.S11sr04","S11 - Platinum","Boost"
"Booster.S11sr05","S11 - Diamond","Boost"
"Booster.S11sr06","S11 - Champion","Boost"
"Booster.S11sr07","S11 - Grand Champion","Boost"
"Booster.S11sr08","S11 - Supersonic Legend","Boost"
"Booster.S19ChampionsRoad","Champ Helix","Boost"
"Booster.S21Rewards01","S20 Bronze","Boost"
"Booster.S21Rewards02","S20 Silver","Boost"
"Booster.S21Rewards03","S20 Gold","Boost"
"Booster.S21Rewards04","S20 Platinum","Boost"
"Booster.S21Rewards05","S20 Diamond","Boost"
"Booster.S21Rewards06","S20 Champion","Boost"
"Booster.S21Rewards07","S20 Grand Champion","Boost"
"Booster.S21Rewards08","S20 Supersonic Legend","Boost"
"Booster.S21RLCS","Successory","Boost"
"Booster.S22RLCS01","Slaymaker","Boost"
"Booster.S23RLCS01","Blue Chip","Boost"
"Booster.Sakura","Sakura","Boost"
"Booster.SandstormOnline","Sandstorm","Boost"
"Booster.SkullChromatic","Skelly","Boost"
"Booster.Slimefire","Slimefire","Boost"
"Booster.Soulfire","Soulmesh","Boost"
"Booster.Spacetear","Fissure","Boost"
"Booster.Spellwarm","YouVee","Boost"
"Booster.SphereGulp01","Fifa 2026","Boost"
"Booster.Splitenergy","Wing Wraith","Boost"
"Booster.SpringtimeFlowers","Springtime Flowers","Boost"
"Booster.Sprinkle","Mobile Tire Fire","Boost"
"Booster.SprinkleLTE03","Ribwich Fever","Boost"
"Booster.Standard","Standard","Boost"
"Booster.StarBeam","Startrack","Boost"
"Booster.StarryNight","Lunar Wave","Boost"
"Booster.Sticky01","Web-Head","Boost"
"Booster.Sticky02","Pumpkin Bomb","Boost"
"Booster.Stylized","Polygonal","Boost"
"Booster.StylizedFlame","Jet Wash","Boost"
"Booster.StylizedSmoke","Spooky Smoke","Boost"
"Booster.StylizedStrike","Clashflash","Boost"
"Booster.Sunrays","Sun Ray","Boost"
"Booster.Surrealrush","Surrealist","Boost"
"Booster.Techno","Mystic Fade","Boost"
"Booster.Technotrail","Tachyon","Boost"
"Booster.TechRay","TekRay","Boost"
"Booster.Tomb","Batmobile (2022)","Boost"
"Booster.ToonyWaterPSP","Torrent PK","Boost"
"Booster.Trace","Stormroot","Boost"
"Booster.Trippy","Lava Lamp","Boost"
"Booster.TurboTechno","Spriteful","Boost"
"Booster.UmbraGenesisLTE01","Morgana's Token","Boost"
"Booster.VoxelLightning","Pixel Dust","Boost"
"Booster.Xenosplash","Xenosplash","Boost"
"Booster.Zti","Magic Missile","Boost"
"DriftTrail.Animatedlines","Wonder Stream","Trail"
"DriftTrail.Anime","Yokai","Trail"
"DriftTrail.AstralRadiance","Lunaria","Trail"
"DriftTrail.Aventurine","Miku Miku","Trail"
"DriftTrail.Banjo","Mystery Groove","Trail"
"DriftTrail.Binary","Binary","Trail"
"DriftTrail.BlackFlame","Dark Flame","Trail"
"DriftTrail.BlightShield01","Soul Reaper Drift","Trail"
"DriftTrail.BlueBolt","Synthpop","Trail"
"DriftTrail.ChromaticAberration","Chromatic Abberation","Trail"
"DriftTrail.Chrome","Crossfade","Trail"
"DriftTrail.Classic","Classic","Trail"
"DriftTrail.Courgette01","Remy's Taste","Trail"
"DriftTrail.CrimeTape","Crime Scene","Trail"
"DriftTrail.CyberSecurity","Futurist","Trail"
"DriftTrail.Dagger","Bladeblast","Trail"
"DriftTrail.Daikon","Snowball","Trail"
"DriftTrail.DayNight","Starlane","Trail"
"DriftTrail.DecoBlue","Demigodly","Trail"
"DriftTrail.DecoRed","Demigodly","Trail"
"DriftTrail.Deepspace","Deep Space","Trail"
"DriftTrail.Disco","Disco Floor","Trail"
"DriftTrail.Doughnut","Dunker","Trail"
"DriftTrail.Dragoncat","Treble Trouble","Trail"
"DriftTrail.DragoncatLTE","Bad Bass","Trail"
"DriftTrail.Eggplant","Batmobile (1989)","Trail"
"DriftTrail.Electrobeam","Truth Beam","Trail"
"DriftTrail.ElectroGalactic","Electrogalactic","Trail"
"DriftTrail.Ethereal","Ethereal","Trail"
"DriftTrail.EvilOrnament","Force Lightning","Trail"
"DriftTrail.Fireflies","Glister","Trail"
"DriftTrail.ForestSpirit","Foliage","Trail"
"DriftTrail.FrogLTE2","TCRI Ooze","Trail"
"DriftTrail.Frost","Winter Storm","Trail"
"DriftTrail.Gaudy","Big Break","Trail"
"DriftTrail.GenieSmoke","Whimsy Wisp","Trail"
"DriftTrail.Ghosthand","Reaper Hand","Trail"
"DriftTrail.Glaucous","Vaporstream","Trail"
"DriftTrail.Goth","Goth","Trail"
"DriftTrail.GPS","Waypoint","Trail"
"DriftTrail.Gray","AC Milan (Puma x Off-White)","Trail"
"DriftTrail.GreyCar","Time Flames","Trail"
"DriftTrail.GroundCracks","Excavator","Trail"
"DriftTrail.HeartBeat","EKG-OMG","Trail"
"DriftTrail.Helix","Cure","Trail"
"DriftTrail.Hero","Frozone's Slipstream","Trail"
"DriftTrail.HoloGlass","Holo-Hype","Trail"
"DriftTrail.HoneyBees","Honey Splash","Trail"
"DriftTrail.IconColors","Infraroad","Trail"
"DriftTrail.InfraredGlow","Infrared","Trail"
"DriftTrail.InkyOil","Plasma","Trail"
"DriftTrail.KawaiiStickers","Kawaii Stickers","Trail"
"DriftTrail.KittyRare","PUMA Run","Trail"
"DriftTrail.Lava2","Energy Binders","Trail"
"DriftTrail.Lightning","Lightning","Trail"
"DriftTrail.LionsMane01","Bikini Bottom","Trail"
"DriftTrail.LPFire","2.5D","Trail"
"DriftTrail.LuckyOnyx01","Anti-Magic","Trail"
"DriftTrail.Luminoussparks","Luminous","Trail"
"DriftTrail.Magical","Misteek","Trail"
"DriftTrail.MagicFire","Incantor","Trail"
"DriftTrail.MagicSplash","Sea Spray","Trail"
"DriftTrail.Magma","Molten","Trail"
"DriftTrail.Mooncake","Tornado Marks","Trail"
"DriftTrail.MVP01","?INT?Product","Trail"
"DriftTrail.Necromancer","Rocketmancer","Trail"
"DriftTrail.NeoCypher","Psypher","Trail"
"DriftTrail.Neonshapes","Triangulate","Trail"
"DriftTrail.Neonsoul","Gaseous","Trail"
"DriftTrail.Octo","Octonox","Trail"
"DriftTrail.OilSlick","Oil Slick","Trail"
"DriftTrail.OpticOrangeLTE01","Star","Trail"
"DriftTrail.PlasmaEnergy","Chemergy","Trail"
"DriftTrail.Plexus","?INT?Product","Trail"
"DriftTrail.PopStar","Starry","Trail"
"DriftTrail.Powerbeam","Mosher","Trail"
"DriftTrail.Psychomatic","Psychomatic","Trail"
"DriftTrail.PsyDrill","Firecrack","Trail"
"DriftTrail.PulsedEnergy","Sonic Boom","Trail"
"DriftTrail.RageUnleashed","Spiritus","Trail"
"DriftTrail.Ramen","Ramen Roller","Trail"
"DriftTrail.RoadSparks","Treadsparks","Trail"
"DriftTrail.RP10Year","Mystic Streamer","Trail"
"DriftTrail.S19ChampionsRoadLTE","Champ Helix","Trail"
"DriftTrail.Sakura","Sakura","Trail"
"DriftTrail.ScifiStreak","Lightspeed","Trail"
"DriftTrail.Scribble","Scribbler","Trail"
"DriftTrail.SkullChromatic","Skelly","Trail"
"DriftTrail.Smoke","Smokin","Trail"
"DriftTrail.Splitenergy","Wing Wraith","Trail"
"DriftTrail.Sprinkle","Donut Drift","Trail"
"DriftTrail.SprinkleLTE01","Chalkboard Lines","Trail"
"DriftTrail.Standard","Drift Smoke","Trail"
"DriftTrail.Starbeam","Startrack","Trail"
"DriftTrail.StarryNight","Lunar Wave","Trail"
"DriftTrail.Sticky","Symbiote","Trail"
"DriftTrail.Sticky02","Web-Head","Trail"
"DriftTrail.Strobe","Discotheque","Trail"
"DriftTrail.StylizedFlame","Jet Wash","Trail"
"DriftTrail.StylizedLightning","Sprintspark","Trail"
"DriftTrail.StylizedRainbow","Crooked Color","Trail"
"DriftTrail.StylizedSmoke","Spooky Smoke","Trail"
"DriftTrail.StylizedStrike","Clashflash","Trail"
"DriftTrail.Surrealrush","Surrealist","Trail"
"DriftTrail.Techno","Mystic Fade","Trail"
"DriftTrail.Tomb","Batmobile (2022)","Trail"
"DriftTrail.Toonflames","Blazer","Trail"
"DriftTrail.Toonrocks","Hot Rocks","Trail"
"DriftTrail.ToonSparks","Friction","Trail"
"DriftTrail.Toonwater","Toon Hydro","Trail"
"DriftTrail.Toopher","Mintstripe","Trail"
"DriftTrail.TrailBlazer","Sparklet","Trail"
"DriftTrail.UmbraGenesisLTE01","Morgana's Token","Trail"
"DriftTrail.ZigZag","Zigzag","Trail"
"Skin.AA.Flamestierall","Ace: Flames","Decal"
"Skin.AA.Lightningtierall","Ace: Lightning","Decal"
"Skin.AA.Livery1","Ace: Ball Hog","Decal"
"Skin.AA.Livery2","Ace: Rewind","Decal"
"Skin.AA.Livery3","Ace: Ret-Con","Decal"
"Skin.AA.Livery4","Ace: Farout","Decal"
"Skin.AA.Stripestierall","Ace: Stripes","Decal"
"Skin.AA.Zebra","Ace: Radify","Decal"
"Skin.Aftershock.Aztec","Aftershock: Tribal","Decal"
"Skin.Aftershock.Gato","Aftershock: Copycat","Decal"
"Skin.Aftershock.Huntress","Aftershock: Huntress","Decal"
"Skin.Aftershock.Radioactive","Aftershock: MIRV","Decal"
"Skin.Aftershock.Retro","Aftershock: Clipper","Decal"
"Skin.Aftershock.Shockwave","Aftershock: Seismic","Decal"
"Skin.Aftershock.Techarrows","Aftershock: Vector","Decal"
"Skin.Aftershock.Tiger","Aftershock: Tiger","Decal"
"Skin.Aftershock.Wings","Aftershock: Wings","Decal"
"Skin.AkumaT1.Flames","Nissan Fairlady Z: Flames","Decal"
"Skin.AkumaT1.Lightning","Nissan Fairlady Z: Lightning","Decal"
"Skin.AkumaT1.Livery1","Nissan Fairlady Z: Starting Grid","Decal"
"Skin.AkumaT1.Livery2","Nissan Fairlady Z: Nissan Classic","Decal"
"Skin.AkumaT1.Livery3","Nissan Fairlady Z: Notstock","Decal"
"Skin.AkumaT1.Stripes","Nissan Fairlady Z: Stripes","Decal"
"Skin.AkumaT1.Wings","Nissan Fairlady Z: Wings","Decal"
"Skin.AkumaT2.Flames","Nissan Fairlady Z RLE: Flames","Decal"
"Skin.AkumaT2.Lightning","Nissan Fairlady Z RLE: Lightning","Decal"
"Skin.AkumaT2.Livery1","Nissan Fairlady Z RLE: Starting Grid","Decal"
"Skin.AkumaT2.Livery2","Nissan Fairlady Z RLE: Nissan Classic","Decal"
"Skin.AkumaT2.Livery3","Nissan Fairlady Z RLE: Notstock","Decal"
"Skin.AkumaT2.Stripes","Nissan Fairlady Z RLE: Stripes","Decal"
"Skin.AkumaT2.Wings","Nissan Fairlady Z RLE: Wings","Decal"
"Skin.Alokin.Livery01","Ford Mustang GTD: GTD","Decal"
"Skin.Alokin.Livery02","Ford Mustang GTD: Pony Sprinter","Decal"
"Skin.Alokin.Livery03","Ford Mustang GTD: T-Pain","Decal"
"Skin.Amber.1","007's Aston Martin DB5: Reel Life","Decal"
"Skin.Amber.Default","007's Aston Martin DB5: Aston Martin DB5","Decal"
"Skin.Amber.Flames","007's Aston Martin DB5: Flames","Decal"
"Skin.Amber.Lightning","007's Aston Martin DB5: Lightning","Decal"
"Skin.Amber.Livery01","007's Aston Martin DB5: Solid Gold","Decal"
"Skin.Amber.Stripes","007's Aston Martin DB5: Stripes","Decal"
"Skin.Amber.Wings","007's Aston Martin DB5: Wings","Decal"
"Skin.Arrow.Flames","McLaren P1: Flames","Decal"
"Skin.Arrow.Livery01","McLaren P1: Fearless","Decal"
"Skin.Arrow.Stripes","McLaren P1: Stripes","Decal"
"Skin.Backfire.Carronpizza","Backfire: Cruster Buster","Decal"
"Skin.Backfire.Flames","Backfire: Flames","Decal"
"Skin.Backfire.Flametress","Backfire: Flametress","Decal"
"Skin.Backfire.Heavy","Backfire: Puppetmaster","Decal"
"Skin.Backfire.Hologram","Backfire: Greatgrid","Decal"
"Skin.Backfire.Lightning","Backfire: Lightning","Decal"
"Skin.Backfire.MechHeart","Backfire: Mechanix","Decal"
"Skin.Backfire.Retro","Backfire: Checkers","Decal"
"Skin.Backfire.Serration","Backfire: Buzz-Cut","Decal"
"Skin.Backfire.Skulls","Backfire: Skulls","Decal"
"Skin.Backfire.Snake","Backfire: King Fang","Decal"
"Skin.Backfire.Stars","Backfire: Stars","Decal"
"Skin.Backfire.Stripes","Backfire: Stripes","Decal"
"Skin.Backfire.Tech","Backfire: Tech","Decal"
"Skin.Backfire.Wings","Backfire: Wings","Decal"
"Skin.Banjo.Livery01","The Mystery Machine: Sponsored by Scooby Snacks","Decal"
"Skin.Banjo.Livery02","The Mystery Machine: Haunting","Decal"
"Skin.Bawu.BawuLivery01","Porsche 918 Spyder: Porsche 918 Spyder","Decal"
"Skin.Bawu.GoldenLychee01","Porsche 918 Spyder: Sonic","Decal"
"Skin.Bawu.GoldenLychee02","Porsche 918 Spyder: Super Sonic","Decal"
"Skin.Bawu.GoldenLychee03","Porsche 918 Spyder: Knuckles","Decal"
"Skin.BB.Flames","Battle Bus: Flames","Decal"
"Skin.BB.Lightning","Battle Bus: Lightning","Decal"
"Skin.BB.Livery1","Battle Bus: Mecha Battle Bus","Decal"
"Skin.BB.Livery2","Battle Bus: Rocket Battle Bus","Decal"
"Skin.BB.Stripes","Battle Bus: Stripes","Decal"
"Skin.BB.Wings","Battle Bus: Wings","Decal"
"Skin.BeakT1.Clean","Emperor: ShapeUp","Decal"
"Skin.BeakT1.Flames","Emperor: Flames","Decal"
"Skin.BeakT1.Frosted","Emperor: Ombre","Decal"
"Skin.BeakT1.Huntress","Emperor: Huntress","Decal"
"Skin.BeakT1.Lightning","Emperor: Lightning","Decal"
"Skin.BeakT1.Litesmoke","Emperor: Brume","Decal"
"Skin.BeakT1.Stripes","Emperor: Stripes","Decal"
"Skin.BeakT1.Wings","Emperor: Wings","Decal"
"Skin.Berry.A","The Dark Knight's Tumbler: Reel Life","Decal"
"Skin.Berry.Camo","The Dark Knight's Tumbler: Camo","Decal"
"Skin.BlueTorque.01","Porsche Cayenne Turbo Electric: Tracer","Decal"
"Skin.BlueTorque.02","Porsche Cayenne Turbo Electric: D.Va","Decal"
"Skin.BlueTorque.03","Porsche Cayenne Turbo Electric: Mercy","Decal"
"Skin.BlueTorque.04","Porsche Cayenne Turbo Electric: Genji","Decal"
"Skin.BlueTorque.BlueTorqueLivery01","Porsche Cayenne Turbo Electric: Psych Wave","Decal"
"Skin.BoberT1.Flames","BMW 1 Series: Flames","Decal"
"Skin.BoberT1.Lightning","BMW 1 Series: Lightning","Decal"
"Skin.BoberT1.Livery1","BMW 1 Series: F70","Decal"
"Skin.BoberT1.Livery2","BMW 1 Series: Outlands","Decal"
"Skin.BoberT1.Livery3","BMW 1 Series: Fiercefield","Decal"
"Skin.BoberT1.Livery5","BMW 1 Series: Finely Tooned","Decal"
"Skin.BoberT1.Reellife","BMW 1 Series: Skyscraper Grey","Decal"
"Skin.BoberT1.Stripes","BMW 1 Series: Stripes","Decal"
"Skin.BoberT1.Wings","BMW 1 Series: Wings","Decal"
"Skin.BoberT2.Flames","BMW 1 Series RLE: Flames","Decal"
"Skin.BoberT2.Lightning","BMW 1 Series RLE: Lightning","Decal"
"Skin.BoberT2.Livery1","BMW 1 Series RLE: F70","Decal"
"Skin.BoberT2.Livery2","BMW 1 Series RLE: Outlands","Decal"
"Skin.BoberT2.Livery3","BMW 1 Series RLE: Fiercefield","Decal"
"Skin.BoberT2.Livery5","BMW 1 Series RLE: Finely Tooned","Decal"
"Skin.BoberT2.Reellife","BMW 1 Series RLE: Skyscraper Grey","Decal"
"Skin.BoberT2.Stripes","BMW 1 Series RLE: Stripes","Decal"
"Skin.BoberT2.Wings","BMW 1 Series RLE: Wings","Decal"
"Skin.Brick.BigDidge","Tygris: Platformer","Decal"
"Skin.Brick.Flames","Tygris: Flames","Decal"
"Skin.Brick.Lightning","Tygris: Lightning","Decal"
"Skin.Brick.Misterrad","Tygris: Mister Rad","Decal"
"Skin.Brick.NineK","Tygris: Full Speed","Decal"
"Skin.Brick.Simplefade","Tygris: Silencer","Decal"
"Skin.Brick.Stripes","Tygris: Stripes","Decal"
"Skin.Brick.TechArrows","Tygris: Vector","Decal"
"Skin.Brick.Viz01","Tygris: Invincible","Decal"
"Skin.Brick.Viz02","Tygris: Omni-Man","Decal"
"Skin.Brick.Viz03","Tygris: Atom Eve","Decal"
"Skin.Brick.Xmat","Tygris: Kana","Decal"
"Skin.Bullet.Flames","McLaren Senna: Flames","Decal"
"Skin.Bullet.Lightning","McLaren Senna: Lightning","Decal"
"Skin.Bullet.Livery1","McLaren Senna: Iron Man","Decal"
"Skin.Bullet.Livery2","McLaren Senna: Doctor Doom","Decal"
"Skin.Bullet.Livery3","McLaren Senna: War Machine","Decal"
"Skin.Bullet.Livery4","McLaren Senna: Pandora's Armor Doom","Decal"
"Skin.Bullet.ReelLife","McLaren Senna: Victory Grey","Decal"
"Skin.Bullet.Stripes","McLaren Senna: Stripes","Decal"
"Skin.Bullet.Wings","McLaren Senna: Wings","Decal"
"Skin.BurnishedRaven.Flames","Cadillac CT5-V Blackwing: Flames","Decal"
"Skin.BurnishedRaven.Lightning","Cadillac CT5-V Blackwing: Lightning","Decal"
"Skin.BurnishedRaven.Livery01","Cadillac CT5-V Blackwing: Absolute Blackwing","Decal"
"Skin.BurnishedRaven.Stripes","Cadillac CT5-V Blackwing: Stripes","Decal"
"Skin.BurnishedRaven.Wings","Cadillac CT5-V Blackwing: Wings","Decal"
"Skin.ButterT1.Flames","Porsche 911 Turbo: Flames","Decal"
"Skin.ButterT1.Frosted","Porsche 911 Turbo: Ombre","Decal"
"Skin.ButterT1.Huntress","Porsche 911 Turbo: Huntress","Decal"
"Skin.ButterT1.Lightning","Porsche 911 Turbo: Lightning","Decal"
"Skin.ButterT1.Mobil","Porsche 911 Turbo: Mobil 1","Decal"
"Skin.ButterT1.Rainbow","Porsche 911 Turbo: Porsche 75th Anniversary","Decal"
"Skin.ButterT1.Stripes","Porsche 911 Turbo: Stripes","Decal"
"Skin.ButterT1.Wings","Porsche 911 Turbo: Wings","Decal"
"Skin.ButterT2.Flames","Porsche 911 Turbo RLE: Flames","Decal"
"Skin.ButterT2.Frosted","Porsche 911 Turbo RLE: Ombre","Decal"
"Skin.ButterT2.Huntress","Porsche 911 Turbo RLE: Huntress","Decal"
"Skin.ButterT2.Lightning","Porsche 911 Turbo RLE: Lightning","Decal"
"Skin.ButterT2.Mobil","Porsche 911 Turbo RLE: Mobil 1","Decal"
"Skin.ButterT2.Rainbow","Porsche 911 Turbo RLE: Porsche 75th Anniversary","Decal"
"Skin.ButterT2.Stripes","Porsche 911 Turbo RLE: Stripes","Decal"
"Skin.ButterT2.Wings","Porsche 911 Turbo RLE: Wings","Decal"
"Skin.Cannonboy.Huntress","Triton: Huntress","Decal"
"Skin.CarCar.Esports","Breakout Type-S: RLCS","Decal"
"Skin.CarCar.Hyperflight","Breakout Type-S: Hyper-Flight","Decal"
"Skin.CarCar.Ripple","Breakout Type-S: Shockwave","Decal"
"Skin.CarCar.Skulls","Breakout Type-S: Skulls","Decal"
"Skin.CarCar.Smored","Breakout Type-S: S'mored","Decal"
"Skin.Carrot.Carrot","Diestro: Comic Carrot","Decal"
"Skin.Carrot.Comet","Diestro: Agamid","Decal"
"Skin.Carrot.Infernal","Diestro: Old Flame","Decal"
"Skin.Carrot.Livery","Diestro: Lozano","Decal"
"Skin.Carrot.Omens","Diestro: Martian Wind","Decal"
"Skin.Carrot.PanelCracked","Diestro: Rico","Decal"
"Skin.Carrot.Sofly","Diestro: Sooo Fly","Decal"
"Skin.Carrot.Stripes","Diestro: Stripes","Decal"
"Skin.Carrot.Stuntman","Diestro: Stuntman","Decal"
"Skin.Carrot.Tape","Diestro: Chitchat","Decal"
"Skin.Carrot.Twotone","Diestro: Two-Tone","Decal"
"Skin.Challah.01","Fast & Furious Dodge Charger: Alameda Twin","Decal"
"Skin.Challah.02","Fast & Furious Dodge Charger: Good Graces","Decal"
"Skin.Challah.03","Fast & Furious Dodge Charger: Sinclair","Decal"
"Skin.Challah.04","Fast & Furious Dodge Charger: Wheelman","Decal"
"Skin.Challah.B","Fast & Furious Dodge Charger: Reel Life","Decal"
"Skin.Challah.Flames","Fast & Furious Dodge Charger: Flames","Decal"
"Skin.Challah.Stripes","Fast & Furious Dodge Charger: Stripes","Decal"
"Skin.Charged.CleanCut","Ice Charger: Clean Cut","Decal"
"Skin.Charged.Flames","Ice Charger: Flames","Decal"
"Skin.Charged.Graffiti","Ice Charger: Rakugaki","Decal"
"Skin.Charged.Ice","Ice Charger: Crazy Sandwich","Decal"
"Skin.Charged.Letty","Ice Charger: CDXL","Decal"
"Skin.Charged.Walker","Ice Charger: Rally","Decal"
"Skin.Chip.Electricvein","Sentinel: MangaTec","Decal"
"Skin.Chip.Faceted","Sentinel: Faceted","Decal"
"Skin.Chip.Flames","Sentinel: Flames","Decal"
"Skin.Chip.Lightning","Sentinel: Lightning","Decal"
"Skin.Chip.Sideline","Sentinel: Sideline","Decal"
"Skin.Chip.Stripes","Sentinel: Stripes","Decal"
"Skin.Chip.Techarrows","Sentinel: Vector","Decal"
"Skin.Chip.Wings","Sentinel: Wings","Decal"
"Skin.Chrisp.01","BMW M3 (E30): Red Ranger","Decal"
"Skin.Chrisp.02","BMW M3 (E30): Black Ranger","Decal"
"Skin.Chrisp.03","BMW M3 (E30): Yellow Ranger","Decal"
"Skin.Chrisp.04","BMW M3 (E30): Blue Ranger","Decal"
"Skin.Chrisp.05","BMW M3 (E30): Pink Ranger","Decal"
"Skin.Chrisp.06","BMW M3 (E30): Green Ranger","Decal"
"Skin.Chrisp.07","BMW M3 (E30): White Ranger","Decal"
"Skin.Chrisp.Livery1","BMW M3 (E30): N-Tro","Decal"
"Skin.Chrisp.Livery2","BMW M3 (E30): M Series","Decal"
"Skin.Chrisp.Livery3","BMW M3 (E30): Brick Body","Decal"
"Skin.Claw.Alameda","Fast & Furious Dodge Charger SRT Hellcat: Alameda Twin","Decal"
"Skin.Claw.Flames","Fast & Furious Dodge Charger SRT Hellcat: Flames","Decal"
"Skin.Claw.IRL","Fast & Furious Dodge Charger SRT Hellcat: Reel Life","Decal"
"Skin.Claw.Sinclair","Fast & Furious Dodge Charger SRT Hellcat: Sinclair","Decal"
"Skin.Claw.SRT","Fast & Furious Dodge Charger SRT Hellcat: Hellcat","Decal"
"Skin.Claw.Stripes","Fast & Furious Dodge Charger SRT Hellcat: Stripes","Decal"
"Skin.Claw.Wheelman","Fast & Furious Dodge Charger SRT Hellcat: Wheelman","Decal"
"Skin.CobaltDagger.Flames","Volkswagen Golf GTI Edition 50: Flames","Decal"
"Skin.CobaltDagger.Lightning","Volkswagen Golf GTI Edition 50: Lightning","Decal"
"Skin.CobaltDagger.Livery01","Volkswagen Golf GTI Edition 50: MKD Ultra","Decal"
"Skin.CobaltDagger.Livery02","Volkswagen Golf GTI Edition 50: Pegasus Ultra","Decal"
"Skin.CobaltDagger.Livery03","Volkswagen Golf GTI Edition 50: Tread Ultra","Decal"
"Skin.CobaltDagger.Stripes","Volkswagen Golf GTI Edition 50: Stripes","Decal"
"Skin.CobaltDagger.Wings","Volkswagen Golf GTI Edition 50: Wings","Decal"
"Skin.CondorMotor.Livery01","GMC Sierra 2500 AT4X: Professional Gray","Decal"
"Skin.CondorMotor.Livery02","GMC Sierra 2500 AT4X: Off-Road","Decal"
"Skin.CondorMotor.Livery03","GMC Sierra 2500 AT4X: Urban Camo","Decal"
"Skin.Crikey.Flames","Breakout X: Flames","Decal"
"Skin.Crikey.Lightning","Breakout X: Lightning","Decal"
"Skin.Crikey.Livery1","Breakout X: Corvidae Hubris","Decal"
"Skin.Crikey.Livery2","Breakout X: Carrion Colorway","Decal"
"Skin.Crikey.Stripes","Breakout X: Stripes","Decal"
"Skin.Crikey.Wings","Breakout X: Wings","Decal"
"Skin.Cutie.Cutie01","Chevrolet Corvette Stingray: Stingray Pink","Decal"
"Skin.Darkcar.A","Batmobile (2016): Reel Life","Decal"
"Skin.Drof","Ford F-150: Chairman","Decal"
"Skin.Drof.D","Ford F-150: Formation BFT","Decal"
"Skin.Drof.Default","Ford F-150: Slightly Stock","Decal"
"Skin.Drof.Livery01","Ford F-150: Ford Racing","Decal"
"Skin.DrofTwo.Stripes","NASCAR Ford Mustang: NASCAR x RL","Decal"
"Skin.DurianT1.Flames","Chikara: Flames","Decal"
"Skin.DurianT1.Jettymcjetjet","Chikara: Mech-Spec","Decal"
"Skin.DurianT1.Lightning","Chikara: Lightning","Decal"
"Skin.DurianT1.Ninetails","Chikara: Ninetails","Decal"
"Skin.DurianT1.Softedge","Chikara: Soft Edge","Decal"
"Skin.DurianT1.Stripes","Chikara: Stripes","Decal"
"Skin.DurianT1.Watcher","Chikara: Stargazer","Decal"
"Skin.Eagle.Livery01","Chevrolet Corvette ZR1: ZR1 Stripes","Decal"
"Skin.Eagle.Livery02","Chevrolet Corvette ZR1: Sea Wolf Gray","Decal"
"Skin.Eagle.Livery03","Chevrolet Corvette ZR1: Fish Farewell","Decal"
"Skin.Eagle.Livery04","Chevrolet Corvette ZR1: ZR1 Circuit","Decal"
"Skin.Eagle.Livery05","Chevrolet Corvette ZR1: Wonderbot","Decal"
"Skin.Econ.Flames","Mercedes-Benz CLA: Flames","Decal"
"Skin.Econ.Livery01","Mercedes-Benz CLA: Sung Jinwoo","Decal"
"Skin.Econ.Livery02","Mercedes-Benz CLA: Igris","Decal"
"Skin.Econ.Livery03","Mercedes-Benz CLA: Solo Leveling:ARISE","Decal"
"Skin.Econ.Stripes","Mercedes-Benz CLA: Stripes","Decal"
"Skin.Edison.Flames","Dodge Charger Daytona Scat Pack: Flames","Decal"
"Skin.Edison.Lightning","Dodge Charger Daytona Scat Pack: Lightning","Decal"
"Skin.Edison.Livery1","Dodge Charger Daytona Scat Pack: Chase Pro","Decal"
"Skin.Edison.Livery2","Dodge Charger Daytona Scat Pack: Rumble Bee","Decal"
"Skin.Edison.Livery3","Dodge Charger Daytona Scat Pack: EV Circuit","Decal"
"Skin.Edison.Livery4","Dodge Charger Daytona Scat Pack: Peel Orange","Decal"
"Skin.Edison.Stripes","Dodge Charger Daytona Scat Pack: Stripes","Decal"
"Skin.Edison.Wings","Dodge Charger Daytona Scat Pack: Wings","Decal"
"Skin.Eggplant.Eggplant02","Batmobile (1989): Jokerized","Decal"
"Skin.Eggplant.Eggplant03","Batmobile (1989): Batman (1989)","Decal"
"Skin.Eggplant.EggplantA","Batmobile (1989): Color Trim","Decal"
"Skin.Eggplant.EggplantB","Batmobile (1989): Reel Life","Decal"
"Skin.Endo.Cupcake","Endo: Cupcake","Decal"
"Skin.Endo.Graphic","Endo: Cyrus","Decal"
"Skin.Endo.Livery","Endo: Circuit Pro","Decal"
"Skin.Endo.Mummy","Endo: Mummified","Decal"
"Skin.Endo.Polar","Endo: Polar Force","Decal"
"Skin.Endo.SkinOne","Endo: Dyno","Decal"
"Skin.Endo.Splat","Endo: Spatter","Decal"
"Skin.Endo.Stripes","Endo: Stripes","Decal"
"Skin.Endo.Wings","Endo: Wings","Decal"
"Skin.EnspierT1.Peak","Artemis: Cadevco","Decal"
"Skin.EnspierT1.Six","Artemis: Huntress","Decal"
"Skin.EnspierT1.Splat","Artemis: Splat","Decal"
"Skin.EnspierT1.Stripes","Artemis: Stripes","Decal"
"Skin.EnspierT1.Tech","Artemis: Tech","Decal"
"Skin.EnspierT1.Thinstripes","Artemis: Leto Lines","Decal"
"Skin.FancyFlake.01","Dodge Viper GTS-R: American Made","Decal"
"Skin.FancyFlake.02","Dodge Viper GTS-R: Track Ready","Decal"
"Skin.FancyFlake.03","Dodge Viper GTS-R: Stripes","Decal"
"Skin.FancyFlake.Flames","Dodge Viper GTS-R: Flames","Decal"
"Skin.FancyFlake.Wings","Dodge Viper GTS-R: Wings","Decal"
"Skin.Fbrn.Fbrn01","Ford Bronco Raptor: Ford Bronco Raptor","Decal"
"Skin.Fbrn.Fbrn02","Ford Bronco Raptor: Wood Panel","Decal"
"Skin.Fbrn.Flames","Ford Bronco Raptor: Flames","Decal"
"Skin.Fbrn.Lightning","Ford Bronco Raptor: Lightning","Decal"
"Skin.Fbrn.Stripes","Ford Bronco Raptor: Stripes","Decal"
"Skin.Fbrn.Wings","Ford Bronco Raptor: Wings","Decal"
"Skin.Feline.05","K.I.T.T.: Reel Life (Custom)","Decal"
"Skin.Feline.B","K.I.T.T.: Reel Life","Decal"
"Skin.Feline.Flames","K.I.T.T.: Flames","Decal"
"Skin.Feline.Lightning","K.I.T.T.: Lightning","Decal"
"Skin.Feline.Stripes","K.I.T.T.: Stripes","Decal"
"Skin.Feline.Wings","K.I.T.T.: Wings","Decal"
"Skin.Flatbread.8bitlove","Mantis: Pixel Love","Decal"
"Skin.Flatbread.Snakeskin","Mantis: Snakeskin","Decal"
"Skin.Flatbread.storm","Mantis: Uproar","Decal"
"Skin.Focaccia.fish","Animus GP: Odd Fish","Decal"
"Skin.Focaccia.FocacciaIII","Animus GP: Zhangtek","Decal"
"Skin.Focaccia.Freebird","Animus GP: Aquiline","Decal"
"Skin.Focaccia.GrimMoon","Animus GP: Necro","Decal"
"Skin.Focaccia.King","Animus GP: Rose King","Decal"
"Skin.Focaccia.Peacock","Animus GP: Peacock","Decal"
"Skin.Focaccia.Pro","Animus GP: Feral","Decal"
"Skin.Focaccia.Racer","Animus GP: L-ITA 99","Decal"
"Skin.Focaccia.Rockat","Animus GP: Rockat","Decal"
"Skin.Focaccia.Senna","Animus GP: Monza","Decal"
"Skin.Force.AM","Breakout: Aquaman","Decal"
"Skin.Force.Batguy","Breakout: Bat Fang","Decal"
"Skin.Force.Beam","Breakout: UltraBeam","Decal"
"Skin.Force.Bobcat","Breakout: Bobcat","Decal"
"Skin.Force.Bomba","Breakout: Bomb Out","Decal"
"Skin.Force.Booo","Breakout: BOO!","Decal"
"Skin.Force.Bootube","Breakout: TV Time","Decal"
"Skin.Force.born2boost","Breakout: Born 2 Boost","Decal"
"Skin.Force.bouncecube","Breakout: Tumbling Blocks","Decal"
"Skin.Force.Brightideas","Breakout: Bright Idea","Decal"
"Skin.Force.broccoli","Breakout: Banzai Broccoli","Decal"
"Skin.Force.campesinocool","Breakout: Megafrost","Decal"
"Skin.Force.Card","?INT?Product","Decal"
"Skin.Force.Chainsawmassacre","Breakout: Chainsaw","Decal"
"Skin.Force.Circuit","Breakout: Teknikal","Decal"
"Skin.Force.comet","Breakout: Agamid","Decal"
"Skin.Force.Comet","Breakout: Agamid","Decal"
"Skin.Force.comix","Breakout: Ripped Comic","Decal"
"Skin.Force.Crazycatlady","Breakout: 9 Lives","Decal"
"Skin.Force.Cswolves","Breakout: Wolves","Decal"
"Skin.Force.Current","Breakout: Cali Current","Decal"
"Skin.Force.Cyberpunk","Breakout: Shibuya","Decal"
"Skin.Force.DemonClaw","Breakout: Astaroth","Decal"
"Skin.Force.dragoner","Breakout: Dragon","Decal"
"Skin.Force.Dueling","Breakout: 10dril","Decal"
"Skin.Force.Duelingbw","Breakout: 10nil","Decal"
"Skin.Force.easterbuns","Breakout: Easter Bunny","Decal"
"Skin.Force.EdgeDots","Breakout: Dot Matrix","Decal"
"Skin.Force.edgedotspsplus","Breakout: Dot Matrix YNP","Decal"
"Skin.Force.EdgeStatic","Breakout: Distortion","Decal"
"Skin.Force.Egger","Breakout: Egged","Decal"
"Skin.Force.Elephant","Breakout: Mammoth","Decal"
"Skin.Force.Esports","Breakout: RLCS","Decal"
"Skin.Force.Exosuit","Breakout: Transistor","Decal"
"Skin.Force.Fadedcomb","Breakout: CombedOut","Decal"
"Skin.Force.fatcat","Breakout: Fat Cat","Decal"
"Skin.Force.FBarz","Breakout: Arizona Cardinals","Decal"
"Skin.Force.FBatl","Breakout: Atlanta Falcons","Decal"
"Skin.Force.FBbal","Breakout: Baltimore Ravens","Decal"
"Skin.Force.FBbuf","Breakout: Buffalo Bills","Decal"
"Skin.Force.FBcar","Breakout: Carolina Panthers","Decal"
"Skin.Force.FBchi","Breakout: Chicago Bears","Decal"
"Skin.Force.FBcin","Breakout: Cincinnati Bengals","Decal"
"Skin.Force.FBcle","Breakout: Cleveland Browns","Decal"
"Skin.Force.FBdal","Breakout: Dallas Cowboys","Decal"
"Skin.Force.FBden","Breakout: Denver Broncos","Decal"
"Skin.Force.FBdet","Breakout: Detroit Lions","Decal"
"Skin.Force.FBgb","Breakout: Green Bay Packers","Decal"
"Skin.Force.FBhou","Breakout: Houston Texans","Decal"
"Skin.Force.FBind","Breakout: Indianapolis Colts","Decal"
"Skin.Force.FBjax","Breakout: Jacksonville Jaguars","Decal"
"Skin.Force.FBkc","Breakout: Kansas City Chiefs","Decal"
"Skin.Force.FBlac","Breakout: Los Angeles Chargers","Decal"
"Skin.Force.FBlar","Breakout: Los Angeles Rams","Decal"
"Skin.Force.FBlas","Breakout: Las Vegas Raiders","Decal"
"Skin.Force.FBmia","Breakout: Miami Dolphins","Decal"
"Skin.Force.FBmin","Breakout: Minnesota Vikings","Decal"
"Skin.Force.FBne","Breakout: New England Patriots","Decal"
"Skin.Force.FBno","Breakout: New Orleans Saints","Decal"
"Skin.Force.FBnyg","Breakout: New York Giants","Decal"
"Skin.Force.FBnyj","Breakout: New York Jets","Decal"
"Skin.Force.FBphi","Breakout: Philadelphia Eagles","Decal"
"Skin.Force.FBpit","Breakout: Pittsburgh Steelers","Decal"
"Skin.Force.FBsan","Breakout: San Francisco 49ers","Decal"
"Skin.Force.FBsea","Breakout: Seattle Seahawks","Decal"
"Skin.Force.FBtb","Breakout: Tampa Bay Buccaneers","Decal"
"Skin.Force.FBten","Breakout: Tennessee Titans","Decal"
"Skin.Force.FBwas","Breakout: Washington Football Team","Decal"
"Skin.Force.FBwas22","Breakout: Washington Commanders","Decal"
"Skin.Force.Flames","Breakout: Flames","Decal"
"Skin.Force.frog","Breakout: Froggy","Decal"
"Skin.Force.Frosted","Breakout: Ombre","Decal"
"Skin.Force.FrostedBW","Breakout: No Way Ombre","Decal"
"Skin.Force.furball","Breakout: Furry Fanatic","Decal"
"Skin.Force.Ghosted","Breakout: Ghosted","Decal"
"Skin.Force.ghostfever","Breakout: Ghost Fever","Decal"
"Skin.Force.gnomeholiday","Breakout: Nisse","Decal"
"Skin.Force.Graffiti","Breakout: Ape Angel","Decal"
"Skin.Force.halloween","Breakout: Stitches","Decal"
"Skin.Force.huntbo","Breakout: Turbo Huntress","Decal"
"Skin.Force.Huntress","Breakout: Huntress","Decal"
"Skin.Force.Impulse","Breakout: Turbo","Decal"
"Skin.Force.jetset","Breakout: Cochise","Decal"
"Skin.Force.Junk","Breakout: Junk Food","Decal"
"Skin.Force.Killerfrost","Breakout: Snow Devil","Decal"
"Skin.Force.Licker","Breakout: Prowler","Decal"
"Skin.Force.Lightning","Breakout: Lightning","Decal"
"Skin.Force.Litup","Breakout: Falchion","Decal"
"Skin.Force.LitupPsp","Breakout: Falchion RD","Decal"
"Skin.Force.LowRider","Breakout: Best Coast","Decal"
"Skin.Force.LuminousAirplane01","Breakout: Air Jordan 1 ""Chicago""","Decal"
"Skin.Force.Meaner","Breakout: Taniwha","Decal"
"Skin.Force.ModernArtGraffiti01","Breakout: Mr. Brainwash Dream Chaser","Decal"
"Skin.Force.Monking","Breakout: King Monke","Decal"
"Skin.Force.Nc","Breakout: Nitro Circus","Decal"
"Skin.Force.Neon","Breakout: Coy Koi","Decal"
"Skin.Force.Niceshot","Breakout: Nice Shot","Decal"
"Skin.Force.Oasis","Breakout: Day Ray","Decal"
"Skin.Force.Omens","?INT?Product","Decal"
"Skin.Force.PassingBreeze","Breakout: Vice","Decal"
"Skin.Force.Passingbreezepsplus","Breakout: Vice SE","Decal"
"Skin.Force.Punk","Breakout: Jam Sesh","Decal"
"Skin.Force.Reindeer","Breakout: Rad Reindeer","Decal"
"Skin.Force.Renoir","Breakout: Lumière","Decal"
"Skin.Force.Rewind","Breakout: Vintage","Decal"
"Skin.Force.Ringer004","Breakout: Gambit","Decal"
"Skin.Force.Ringer005","Breakout: Rogue","Decal"
"Skin.Force.Ringer007","Breakout: Storm","Decal"
"Skin.Force.Rles","Breakout: RL Esports","Decal"
"Skin.Force.Rocketeer","Breakout: Rocketeer","Decal"
"Skin.Force.rocketeer","Breakout: Rocketeer","Decal"
"Skin.Force.rudolfo","Breakout: Reindeer Game","Decal"
"Skin.Force.Screamingdemon","Breakout: Yaojing","Decal"
"Skin.Force.Sequent","Breakout: C-Quinn","Decal"
"Skin.Force.Shapeshifter","Breakout: Lycan","Decal"
"Skin.Force.SKAftermarket","Breakout: First Impression","Decal"
"Skin.Force.Skulls","Breakout: Skulls","Decal"
"Skin.Force.slither","Breakout: Sneaky Slither","Decal"
"Skin.Force.SnakeSkin","Breakout: Snakeskin","Decal"
"Skin.Force.Spartan05","Breakout: The Armorer","Decal"
"Skin.Force.spidermania","Breakout: Webwork","Decal"
"Skin.Force.springychicken","Breakout: Spring Chicken","Decal"
"Skin.Force.Stars","Breakout: Stars","Decal"
"Skin.Force.stickerbomb","Breakout: Sticker Bomb","Decal"
"Skin.Force.Stripes","Breakout: Stripes","Decal"
"Skin.Force.tattoo","Breakout: Heiwa","Decal"
"Skin.Force.Tech","Breakout: Tech","Decal"
"Skin.Force.TechArrows","Breakout: Vector","Decal"
"Skin.Force.Toopher","Breakout: Tooth Care","Decal"
"Skin.Force.watermelon","Breakout: Watermelon","Decal"
"Skin.Force.western","Breakout: CRL Western","Decal"
"Skin.Force.whatasave","Breakout: What A Save!","Decal"
"Skin.Force.Wings","Breakout: Wings","Decal"
"Skin.Fracture.Alf","Formula 1 2021: Alfa Romeo 2021","Decal"
"Skin.Fracture.Alp","Formula 1 2021: Alpine 2021","Decal"
"Skin.Fracture.Ast","Formula 1 2021: Aston Martin 2021","Decal"
"Skin.Fracture.Fer","Formula 1 2021: Mercedes-AMG Petronas 2021","Decal"
"Skin.Fracture.Haa","Formula 1 2021: Haas 2021","Decal"
"Skin.Fracture.Mcl","Formula 1 2021: McLaren 2021","Decal"
"Skin.Fracture.Mer","Formula 1 2021: Mercedes-AMG Petronas 2021","Decal"
"Skin.Fracture.Red","Formula 1 2021: Red Bull 2021","Decal"
"Skin.Fracture.Tau","Formula 1 2021: AlphaTauri 2021","Decal"
"Skin.Fracture.Wil","Formula 1 2021: Williams 2021","Decal"
"Skin.Frog.Colorized","Turtle Van: Classic Custom Turtle Van","Decal"
"Skin.Frog.Frog1","Turtle Van: Vandalized","Decal"
"Skin.Frog.Frog2","Turtle Van: Pizza Box","Decal"
"Skin.Frog.Frog3","Turtle Van: Classic Turtle Van","Decal"
"Skin.Fuego.Bubbly","Fast & Furious Pontiac Fiero: Reel Life","Decal"
"Skin.Fuego.Flames","Fast & Furious Pontiac Fiero: Flames","Decal"
"Skin.Fuego.Lightning","Fast & Furious Pontiac Fiero: Lightning","Decal"
"Skin.Fuego.Outlines","Fast & Furious Pontiac Fiero: Circuit Pro","Decal"
"Skin.Fuego.Stripes","Fast & Furious Pontiac Fiero: Stripes","Decal"
"Skin.Fuego.Wings","Fast & Furious Pontiac Fiero: Wings","Decal"
"Skin.Futura.Flames","Azura: Flames","Decal"
"Skin.Futura.Lightning","Azura: Lightning","Decal"
"Skin.Futura.Livery1","Azura: Chase Pro","Decal"
"Skin.Futura.Livery2","Azura: Rumble Bee","Decal"
"Skin.Futura.Livery3","Azura: EV Circuit","Decal"
"Skin.Futura.Stripes","Azura: Stripes","Decal"
"Skin.Futura.Wings","Azura: Wings","Decal"
"Skin.Future.Baja","Tesla Cybertruck: Baja Off-Road","Decal"
"Skin.Future.Camo","Tesla Cybertruck: CyberCamo","Decal"
"Skin.Future.MatteBlack","Tesla Cybertruck: Matte Black","Decal"
"Skin.Future.Stainless","Tesla Cybertruck: Stainless Steel","Decal"
"Skin.Future.StainlessBusted","Tesla Cybertruck: OMG","Decal"
"Skin.Galaxy.Flames","Chevrolet Astro: Flames","Decal"
"Skin.Galaxy.Lightning","Chevrolet Astro: Lightning","Decal"
"Skin.Galaxy.Livery01","Chevrolet Astro: Calified","Decal"
"Skin.Galaxy.Livery02","Chevrolet Astro: Band Van","Decal"
"Skin.Galaxy.Livery03","Chevrolet Astro: Mall Cop","Decal"
"Skin.Galaxy.Stripes","Chevrolet Astro: Stripes","Decal"
"Skin.Galaxy.Wings","Chevrolet Astro: Wings","Decal"
"Skin.Garage.Garage01","Ferrari F40: Rosso Corsa","Decal"
"Skin.Garage.Garage02","Ferrari F40: GT Solar","Decal"
"Skin.Garage.Garage03","Ferrari F40: GT Go","Decal"
"Skin.Garage.Garage04","Ferrari F40: GT Prototype","Decal"
"Skin.GhostRebel.Llama","Scorpion: Llama-matic","Decal"
"Skin.GhostRebel.Society","Scorpion: Society","Decal"
"Skin.GhostRebel.Stripes","Scorpion: Stripes","Decal"
"Skin.GhostRebel.Underground","Scorpion: Underground","Decal"
"Skin.Gilliam.Arctype","Vulcan: ARC","Decal"
"Skin.Gilliam.Flames","Vulcan: Flames","Decal"
"Skin.Gilliam.medic","Vulcan: Medic","Decal"
"Skin.Gilliam.Spaceworm","Vulcan: Space Worm","Decal"
"Skin.Gilliam.Stripes","Vulcan: Stripes","Decal"
"Skin.Gilliam.UFO","Vulcan: Armada","Decal"
"Skin.Grain.Aloha","Fennec: Aloha","Decal"
"Skin.Grain.AlpineEsports","Fennec: Alpine Esports","Decal"
"Skin.Grain.Amp","?INT?Product","Decal"
"Skin.Grain.Araki","Fennec: Araki","Decal"
"Skin.Grain.Audio","Fennec: Lo Freq","Decal"
"Skin.Grain.BaLe","Fennec: Bayer 04 Leverkusen","Decal"
"Skin.Grain.Ballerbos","Fennec: Giant Killer","Decal"
"Skin.Grain.Ballercam","Fennec: Levelz Me","Decal"
"Skin.Grain.BaMu","Fennec: FC Bayern München","Decal"
"Skin.Grain.Bdbd","Fennec: Borussia Dortmund","Decal"
"Skin.Grain.Bdrbleipzig","Fennec: RB Leipzig","Decal"
"Skin.Grain.BdsAway","Fennec: Team BDS (Away)","Decal"
"Skin.Grain.BdsHome","Fennec: Team BDS (Home)","Decal"
"Skin.Grain.Bdunionberlin","Fennec: 1. FC Union Berlin","Decal"
"Skin.Grain.Block","Fennec: Ribbon HBF","Decal"
"Skin.Grain.Bob","Fennec: Bob's Ramen","Decal"
"Skin.Grain.Bolty","Fennec: Zeus","Decal"
"Skin.Grain.Bouncecube","Fennec: Tumbling Blocks","Decal"
"Skin.Grain.Bugbite","Fennec: Pinched","Decal"
"Skin.Grain.Burst","Fennec: Edge Burst","Decal"
"Skin.Grain.BwrLiveries","Fennec: Idolix","Decal"
"Skin.Grain.Complexity024","Fennec: Complexity 2024","Decal"
"Skin.Grain.ComplexityAway","Fennec: Complexity (Away)","Decal"
"Skin.Grain.ComplexityHome","Fennec: Complexity (Home)","Decal"
"Skin.Grain.ComplexityTC","Fennec: Complexity (Home)","Decal"
"Skin.Grain.ComplexityTCA","Fennec: Complexity (Away)","Decal"
"Skin.Grain.Dignitas","Fennec: Dignitas (Home)","Decal"
"Skin.Grain.Dignitas024","Fennec: Dignitas 2024","Decal"
"Skin.Grain.DignitasA","Fennec: Dignitas (Away)","Decal"
"Skin.Grain.DignitasAway","Fennec: Dignitas (Away)","Decal"
"Skin.Grain.DignitasEsports","Fennec: Dignitas","Decal"
"Skin.Grain.DignitasHome","Fennec: Dignitas (Home)","Decal"
"Skin.Grain.Dreamscape","Fennec: Migraine","Decal"
"Skin.Grain.edgedots","Fennec: Dot Matrix","Decal"
"Skin.Grain.edgestatic","Fennec: Distortion","Decal"
"Skin.Grain.EiFr","Fennec: Sport-Club Freiburg","Decal"
"Skin.Grain.Elevate024","Fennec: Elevate 2024","Decal"
"Skin.Grain.EndgameAway","Fennec: EndGame (Away)","Decal"
"Skin.Grain.EndgameHome","Fennec: EndGame (Home)","Decal"
"Skin.Grain.Endpoint","Fennec: Team Endpoint","Decal"
"Skin.Grain.Endpoint024","Fennec: Endpoint 2024","Decal"
"Skin.Grain.EndpointAway","Fennec: Endpoint (Away)","Decal"
"Skin.Grain.EndpointEsports","Fennec: Endpoint (Home)","Decal"
"Skin.Grain.EndpointEsportsA","Fennec: Endpoint (Away)","Decal"
"Skin.Grain.EndpointHome","Fennec: Endpoint (Home)","Decal"
"Skin.Grain.Envy","Fennec: Team Envy","Decal"
"Skin.Grain.EnvyEsports","Fennec: Envy (Home)","Decal"
"Skin.Grain.EnvyEsportsA","Fennec: Envy (Away)","Decal"
"Skin.Grain.Eunited","Fennec: eUnited (Home)","Decal"
"Skin.Grain.EunitedA","Fennec: eUnited (Away)","Decal"
"Skin.Grain.EunitedEsports","Fennec: eUnited","Decal"
"Skin.Grain.EvilGeniuses","Fennec: Evil Geniuses (Home)","Decal"
"Skin.Grain.EvilGeniusesA","Fennec: Evil Geniuses (Away)","Decal"
"Skin.Grain.EvilGeniusesAway","Fennec: Evil Geniuses (Away)","Decal"
"Skin.Grain.EvilGeniusesHome","Fennec: Evil Geniuses (Home)","Decal"
"Skin.Grain.fazeclan","Fennec: FaZe Clan (Home)","Decal"
"Skin.Grain.FazeClanA","Fennec: FaZe Clan (Away)","Decal"
"Skin.Grain.FazeclanAway","Fennec: FaZe Clan (Away)","Decal"
"Skin.Grain.FaZeClanHome","Fennec: FaZe Clan (Home)","Decal"
"Skin.Grain.FBarz","Fennec: Arizona Cardinals","Decal"
"Skin.Grain.FBatl","Fennec: Atlanta Falcons","Decal"
"Skin.Grain.FBbal","Fennec: Baltimore Ravens","Decal"
"Skin.Grain.FBbuf","Fennec: Buffalo Bills","Decal"
"Skin.Grain.FBcar","Fennec: Carolina Panthers","Decal"
"Skin.Grain.FBchi","Fennec: Chicago Bears","Decal"
"Skin.Grain.FBcin","Fennec: Cincinnati Bengals","Decal"
"Skin.Grain.FBcle","Fennec: Cleveland Browns","Decal"
"Skin.Grain.FBdal","Fennec: Dallas Cowboys","Decal"
"Skin.Grain.FBden","Fennec: Denver Broncos","Decal"
"Skin.Grain.FBdet","Fennec: Detroit Lions","Decal"
"Skin.Grain.FBgb","Fennec: Green Bay Packers","Decal"
"Skin.Grain.FBhou","Fennec: Houston Texans","Decal"
"Skin.Grain.FBind","Fennec: Indianapolis Colts","Decal"
"Skin.Grain.FBjax","Fennec: Jacksonville Jaguars","Decal"
"Skin.Grain.FBkc","Fennec: Kansas City Chiefs","Decal"
"Skin.Grain.FBlac","Fennec: Los Angeles Chargers","Decal"
"Skin.Grain.FBlar","Fennec: Los Angeles Rams","Decal"
"Skin.Grain.FBlas","Fennec: Las Vegas Raiders","Decal"
"Skin.Grain.FBmia","Fennec: Miami Dolphins","Decal"
"Skin.Grain.FBmin","Fennec: Minnesota Vikings","Decal"
"Skin.Grain.FBne","Fennec: New England Patriots","Decal"
"Skin.Grain.FBno","Fennec: New Orleans Saints","Decal"
"Skin.Grain.FBnyg","Fennec: New York Giants","Decal"
"Skin.Grain.FBnyj","Fennec: New York Jets","Decal"
"Skin.Grain.FBphi","Fennec: Philadelphia Eagles","Decal"
"Skin.Grain.FBpit","Fennec: Pittsburgh Steelers","Decal"
"Skin.Grain.FBsan","Fennec: San Francisco 49ers","Decal"
"Skin.Grain.FBsea","Fennec: Seattle Seahawks","Decal"
"Skin.Grain.FBtb","Fennec: Tampa Bay Buccaneers","Decal"
"Skin.Grain.FBten","Fennec: Tennessee Titans","Decal"
"Skin.Grain.FBwas","Fennec: Washington Football Team","Decal"
"Skin.Grain.FBwas22","Fennec: Washington Commanders","Decal"
"Skin.Grain.feralcat","Fennec: Bodacious","Decal"
"Skin.Grain.Flames","Fennec: Flames","Decal"
"Skin.Grain.Freepin","Fennec: Air Jordan 11","Decal"
"Skin.Grain.Frosted","Fennec: Ombre","Decal"
"Skin.Grain.Furia","Fennec: Furia (Home)","Decal"
"Skin.Grain.Furia024","Fennec: Furia 2024","Decal"
"Skin.Grain.FuriaA","Fennec: Furia (Away)","Decal"
"Skin.Grain.FuriaAway","Fennec: Furia (Away)","Decal"
"Skin.Grain.FuriaHome","Fennec: Furia (Home)","Decal"
"Skin.Grain.G2","Fennec: G2 Esports (Home)","Decal"
"Skin.Grain.G2024","Fennec: G2 Esports 2024","Decal"
"Skin.Grain.G2A","Fennec: G2 Esports (Away)","Decal"
"Skin.Grain.G2Esports","Fennec: G2 Esports","Decal"
"Skin.Grain.G2EsportsAway","Fennec: G2 Esports (Away)","Decal"
"Skin.Grain.G2EsportsHome","Fennec: G2 Esports (Home)","Decal"
"Skin.Grain.geng024","Fennec: Gen.G 2024","Decal"
"Skin.Grain.gengAway","Fennec: Gen.G (Away)","Decal"
"Skin.Grain.gengHome","Fennec: Gen.G (Home)","Decal"
"Skin.Grain.gentlemates024","Fennec: Gentle Mates 2024","Decal"
"Skin.Grain.ghost","Fennec: Ghost Gaming (Home)","Decal"
"Skin.Grain.GhostA","Fennec: Ghost Gaming (Away)","Decal"
"Skin.Grain.ghostAway","Fennec: Ghost Gaming (Away)","Decal"
"Skin.Grain.GhostEsports","Fennec: Ghost Gaming","Decal"
"Skin.Grain.GhostHome","Fennec: Ghost Gaming (Home)","Decal"
"Skin.Grain.Giants","Fennec: Giants (Home)","Decal"
"Skin.Grain.GiantsA","Fennec: Giants (Away)","Decal"
"Skin.Grain.Graffiti","Fennec: Bug-Bite","Decal"
"Skin.Grain.GroundZero","Fennec: Ground Zero Gaming (Home)","Decal"
"Skin.Grain.Groundzero024","Fennec: Ground Zero Gaming 2024","Decal"
"Skin.Grain.GroundZeroA","Fennec: Ground Zero Gaming (Away)","Decal"
"Skin.Grain.GroundzeroAway","Fennec: Ground Zero Gaming (Away)","Decal"
"Skin.Grain.GroundzeroHome","Fennec: Ground Zero Gaming (Home)","Decal"
"Skin.Grain.GuildAway","Fennec: Guild (Away)","Decal"
"Skin.Grain.guildEsports","Fennec: Guild (Home)","Decal"
"Skin.Grain.GuildEsportsA","Fennec: Guild (Away)","Decal"
"Skin.Grain.GuildHome","Fennec: Guild (Home)","Decal"
"Skin.Grain.Huntlines","Fennec: Nitty-Gritty Huntress","Decal"
"Skin.Grain.Huntress","Fennec: Huntress","Decal"
"Skin.Grain.Huntux","Fennec: Huntress Formal","Decal"
"Skin.Grain.Iceberg","Fennec: Toph Beifong","Decal"
"Skin.Grain.KarmineCorp","Fennec: Karmine Corp (Home)","Decal"
"Skin.Grain.karminecorp024","Fennec: Karmine Corp 2024","Decal"
"Skin.Grain.KarmineCorpA","Fennec: Karmine Corp (Away)","Decal"
"Skin.Grain.karminecorpAway","Fennec: Karmine Corp (Away)","Decal"
"Skin.Grain.karminecorpHome","Fennec: Karmine Corp (Home)","Decal"
"Skin.Grain.kru024","Fennec: KRÜ 2024","Decal"
"Skin.Grain.Lightning","Fennec: Lightning","Decal"
"Skin.Grain.Limitless024","Fennec: Limitless 2024","Decal"
"Skin.Grain.Lines","Fennec: Bluster Bar","Decal"
"Skin.Grain.LiquidEsports","Fennec: Team Liquid","Decal"
"Skin.Grain.LowRider","Fennec: Flowrider","Decal"
"Skin.Grain.luminosity024","Fennec: Luminosity 2024","Decal"
"Skin.Grain.LuminosityAway","Fennec: Luminosity (Away)","Decal"
"Skin.Grain.LuminosityHome","Fennec: Luminosity (Home)","Decal"
"Skin.Grain.LuminousAirplane01","Fennec: Air Jordan 6 ""Infrared""","Decal"
"Skin.Grain.LuminousAirplane02","Fennec: Air Jordan 4 ""White Cement""","Decal"
"Skin.Grain.M80024","Fennec: M80 2024","Decal"
"Skin.Grain.Mangapanel","Fennec: Pineapple Pinchi","Decal"
"Skin.Grain.MinLine","Fennec: Slimline","Decal"
"Skin.Grain.MisfitsTC","Fennec: Misfits Gaming (Home)","Decal"
"Skin.Grain.MisfitsTCA","Fennec: Misfits Gaming (Away)","Decal"
"Skin.Grain.MoistAway","Fennec: Moist Esports (Away)","Decal"
"Skin.Grain.Moistesports024","Fennec: Moist Esports 2024","Decal"
"Skin.Grain.MoistHome","Fennec: Moist Esports (Home)","Decal"
"Skin.Grain.MonoA","Fennec: Shinjuku","Decal"
"Skin.Grain.MonoB","Fennec: Shinjuku: Remixed","Decal"
"Skin.Grain.Murk","Fennec: Merc with a Motor","Decal"
"Skin.Grain.MVP01","?INT?Product","Decal"
"Skin.Grain.Nasr","Fennec: NASCAR","Decal"
"Skin.Grain.Neon","Fennec: Bad Buffy","Decal"
"Skin.Grain.Nip024","Fennec: Ninjas In Pyjamas 2024","Decal"
"Skin.Grain.NMPhantom","Fennec: Nike Phantom GT - Copper","Decal"
"Skin.Grain.NMPhantomGX","Fennec: Nike Phantom GX - Pink","Decal"
"Skin.Grain.NPCity","Fennec: Guardians (City Slam)","Decal"
"Skin.Grain.NPCity2","Fennec: Dragons (City Slam)","Decal"
"Skin.Grain.Nrg024","Fennec: NRG 2024","Decal"
"Skin.Grain.NrgAway","Fennec:  NRG (Away)","Decal"
"Skin.Grain.NrgHome","Fennec: NRG (Home)","Decal"
"Skin.Grain.NRGSeason8Esports","Fennec: NRG","Decal"
"Skin.Grain.NRGTC","Fennec: NRG (Home)","Decal"
"Skin.Grain.NRGTCA","Fennec: NRG (Away)","Decal"
"Skin.Grain.Ntlivery","Fennec: Neo-LL37","Decal"
"Skin.Grain.Og024","Fennec: OG 2024","Decal"
"Skin.Grain.OiiTrips","Fennec: C-3PO","Decal"
"Skin.Grain.Omens","Fennec: Martian Wind","Decal"
"Skin.Grain.OpticgamingAway","Fennec: OpTic Gaming (Away)","Decal"
"Skin.Grain.OpticgamingHome","Fennec: OpTic Gaming (Home)","Decal"
"Skin.Grain.Oxygen024","Fennec: Oxygen Esports 2024","Decal"
"Skin.Grain.OxygenAway","Fennec: Oxygen Esports (Away)","Decal"
"Skin.Grain.OxygenEsports","Fennec: Oxygen Esports","Decal"
"Skin.Grain.OxygenHome","Fennec: Oxygen Esports (Home)","Decal"
"Skin.Grain.Pavement","Fennec: Oozy","Decal"
"Skin.Grain.Pioneers024","Fennec: KC Pioneers 2024","Decal"
"Skin.Grain.PioneersAway","Fennec: KC Pioneers (Away)","Decal"
"Skin.Grain.PioneersHome","Fennec: KC Pioneers (Away)","Decal"
"Skin.Grain.PittsburghKnights","Fennec: Pittsburgh Knights (Home)","Decal"
"Skin.Grain.PittsburghKnightsA","Fennec: Pittsburgh Knights (Away)","Decal"
"Skin.Grain.PittsburghknightsEsports","Fennec: Pittsburgh Knights","Decal"
"Skin.Grain.PmAc","Fennec: Puma: AC Milan","Decal"
"Skin.Grain.PmBvb","Fennec: Puma: Borussia Dortmund","Decal"
"Skin.Grain.PmMc","Fennec: Puma: Manchester City","Decal"
"Skin.Grain.PmOm","Fennec: Puma: Olympique de Marseille","Decal"
"Skin.Grain.PWR","Fennec: PWR (Home)","Decal"
"Skin.Grain.PWR024","Fennec: PWR 2024","Decal"
"Skin.Grain.PWRA","Fennec: PWR (Away)","Decal"
"Skin.Grain.PWRAway","Fennec: PWR (Away)","Decal"
"Skin.Grain.PwrHome","Fennec: PWR (Home)","Decal"
"Skin.Grain.QuadrantAway","Fennec: Quadrant (Away)","Decal"
"Skin.Grain.QuadrantHome","Fennec: Quadrant (Home)","Decal"
"Skin.Grain.Queso","Fennec: Team Queso (Home)","Decal"
"Skin.Grain.QuesoA","Fennec: Team Queso (Away)","Decal"
"Skin.Grain.Rebellion024","Fennec: Rebellion 2024","Decal"
"Skin.Grain.Renegades","Fennec: Renegades (Home)","Decal"
"Skin.Grain.RenegadesA","Fennec: Renegades (Away)","Decal"
"Skin.Grain.Resolve024","Fennec: Resolve 2024","Decal"
"Skin.Grain.Ringer001","Fennec: Cyclops","Decal"
"Skin.Grain.Rix","Fennec: Rix.GG (Home)","Decal"
"Skin.Grain.RixA","Fennec: Rix.GG (Away)","Decal"
"Skin.Grain.Rogue","Fennec: Rogue (Home)","Decal"
"Skin.Grain.RogueA","Fennec: Rogue (Away)","Decal"
"Skin.Grain.RogueAway","Fennec: Rogue (Away)","Decal"
"Skin.Grain.RogueEsports","Fennec: Rogue","Decal"
"Skin.Grain.RogueHome","Fennec: Rogue (Home)","Decal"
"Skin.Grain.Ruleone024","Fennec: Rule One 2024","Decal"
"Skin.Grain.Semperesports","Fennec: SMPR Esports (Home)","Decal"
"Skin.Grain.SemperEsportsA","Fennec: SMPR Esports (Away)","Decal"
"Skin.Grain.Shopifyrebellion","Fennec: Rebellion (Home)","Decal"
"Skin.Grain.ShopifyrebellionA","Fennec: Rebellion (Away)","Decal"
"Skin.Grain.Singularity","Fennec: Team Singularity (Home)","Decal"
"Skin.Grain.SingularityA","Fennec: Team Singularity (Away)","Decal"
"Skin.Grain.SKAftermarket","Fennec: SK Life","Decal"
"Skin.Grain.SKGaming","Fennec: SK Gaming (Home)","Decal"
"Skin.Grain.SKGamingA","Fennec: SK Gaming (Away)","Decal"
"Skin.Grain.Solary","Fennec: Solary","Decal"
"Skin.Grain.Solary024","Fennec: Solary 2024","Decal"
"Skin.Grain.SolaryAway","Fennec: Solary (Home)","Decal"
"Skin.Grain.SolaryEsports","Fennec: Solary (Home)","Decal"
"Skin.Grain.SolaryEsportsA","Fennec: Solary (Away)","Decal"
"Skin.Grain.SolaryHome","Fennec: Solary (Home)","Decal"
"Skin.Grain.Soniqs","Fennec: Susquehanna Soniqs (Home)","Decal"
"Skin.Grain.SoniqsA","Fennec: Susquehanna Soniqs (Away)","Decal"
"Skin.Grain.SoniqsAway","Fennec: Susquehanna Soniqs (Away)","Decal"
"Skin.Grain.SoniqsEsports","Fennec: Susquehanna Soniqs","Decal"
"Skin.Grain.SoniqsHome","Fennec: Susquehanna Soniqs (Home)","Decal"
"Skin.Grain.Spacestation024","Fennec: Spacestation Gaming 2024","Decal"
"Skin.Grain.SpacestationAway","Fennec: Spacestation Gaming (Away)","Decal"
"Skin.Grain.Spacestationgaming","Fennec: Spacestation Gaming (Home)","Decal"
"Skin.Grain.SpacestationGamingA","Fennec: Spacestation Gaming (Away)","Decal"
"Skin.Grain.SpacestationgamingEsports","Fennec: Spacestation Gaming","Decal"
"Skin.Grain.SpaceStationHome","Fennec: Spacestation Gaming (Home)","Decal"
"Skin.Grain.Spartan03","Fennec: Din Djarin","Decal"
"Skin.Grain.Stripes","Fennec: Stripes","Decal"
"Skin.Grain.SunnyWave","?INT?Product","Decal"
"Skin.Grain.TeamBDS","Fennec: Team BDS","Decal"
"Skin.Grain.TeamBDS024","Fennec: Team BDS 2024","Decal"
"Skin.Grain.TeamBDSEsports","Fennec: Team BDS (Home)","Decal"
"Skin.Grain.TeamBDSEsportsA","Fennec: Team BDS (Away)","Decal"
"Skin.Grain.Teamfalcons024","Fennec: Team Falcons 2024","Decal"
"Skin.Grain.TeamfalconsAway","Fennec: Team Falcons (Away)","Decal"
"Skin.Grain.TeamfalconsHome","Fennec: Team Falcons (Home)","Decal"
"Skin.Grain.Teamliquid","Fennec: Team Liquid (Home)","Decal"
"Skin.Grain.TeamliquidA","Fennec: Team Liquid (Away)","Decal"
"Skin.Grain.TeamliquidAway","Fennec: Team Liquid (Away)","Decal"
"Skin.Grain.TeamliquidHome","Fennec: Team Liquid (Home)","Decal"
"Skin.Grain.Teamsecret024","Fennec: Team Secret 2024","Decal"
"Skin.Grain.TeamsecretAway","Fennec: Team Secret (Away)","Decal"
"Skin.Grain.TeamsecretHome","Fennec: Team Secret (Home)","Decal"
"Skin.Grain.Teamvitality024","Fennec: Team Vitality 2024","Decal"
"Skin.Grain.TeamvitalityAway","Fennec: Team Vitality (Away)","Decal"
"Skin.Grain.TeamvitalityHome","Fennec: Team Vitality (Home)","Decal"
"Skin.Grain.Techarrows","Fennec: Vector","Decal"
"Skin.Grain.TechArrows","Fennec: Vector","Decal"
"Skin.Grain.Tfr","Fennec: RLCS 22-23 Spring Major","Decal"
"Skin.Grain.Thornbrow","Fennec: RLCS X","Decal"
"Skin.Grain.ThornbrowAnim","Fennec: RLCS 2021-22","Decal"
"Skin.Grain.Torrent","Fennec: Torrent (Home)","Decal"
"Skin.Grain.TorrentA","Fennec: Torrent (Away)","Decal"
"Skin.Grain.Tribeblur","Fennec: Yorebands","Decal"
"Skin.Grain.TrueNeutral","Fennec: True Neutral (Home)","Decal"
"Skin.Grain.TrueNeutralA","Fennec: True Neutral (Away)","Decal"
"Skin.Grain.Tsm024","Fennec: TSM 2024","Decal"
"Skin.Grain.Tsunami","?INT?Product","Decal"
"Skin.Grain.TundraAway","Fennec: Tundra Esports (Away)","Decal"
"Skin.Grain.TundraHome","Fennec: Tundra Esports (Home)","Decal"
"Skin.Grain.Tux","Fennec: Tinted Formal","Decal"
"Skin.Grain.TuxBw","Fennec: Fancy Formal","Decal"
"Skin.Grain.Twankle","Fennec: Hyperspace","Decal"
"Skin.Grain.Ultralite","Fennec: RLCS Copenhagen Major 2024","Decal"
"Skin.Grain.V1Away","Fennec: Version1 (Away)","Decal"
"Skin.Grain.V1Home","Fennec: Version1 (Home)","Decal"
"Skin.Grain.Version01","Fennec: Version1 (Home)","Decal"
"Skin.Grain.Version1A","Fennec: Version1 (Away)","Decal"
"Skin.Grain.Virtuspro024","Fennec: Virtus.pro 2024","Decal"
"Skin.Grain.Vitality","Fennec: Team Vitality (Home)","Decal"
"Skin.Grain.VitalityA","Fennec: Team Vitality (Away)","Decal"
"Skin.Grain.VitalityEsports","Fennec: Team Vitality","Decal"
"Skin.Grain.WilliamsresolveAway","Fennec: Resolve (Away)","Decal"
"Skin.Grain.WilliamsresolveHome","Fennec: Resolve (Home)","Decal"
"Skin.Grain.Windswept","Fennec: Hardline","Decal"
"Skin.Grain.Xmat","Fennec: Kana","Decal"
"Skin.Grain.Xset","Fennec: XSET (Home)","Decal"
"Skin.Grain.XsetA","Fennec: XSET (Away)","Decal"
"Skin.GreenClaw.01","Pizza Planet Delivery Truck: Truck Lightwheel","Decal"
"Skin.GreenClaw.02","Pizza Planet Delivery Truck: Zurg Overdrive","Decal"
"Skin.GreenClaw.RustyLivery","Pizza Planet Delivery Truck: Pizza Planet Delivery Truck","Decal"
"Skin.GreyCar.GreyCarA","Back to the Future Time Machine: Back To The Future Time Machine","Decal"
"Skin.GreyCar.GreyCarB","Back to the Future Time Machine: Time Machine Grey","Decal"
"Skin.GreyCar.Livery01","Back to the Future Time Machine: Time Stream","Decal"
"Skin.GreyCar.Livery02","Back to the Future Time Machine: Time Frost","Decal"
"Skin.Heaven.A","007's Aston Martin Valhalla: Reel Life","Decal"
"Skin.Heaven.Flames","007's Aston Martin Valhalla: Flames","Decal"
"Skin.Heaven.Livery01","007's Aston Martin Valhalla: Solid Gold","Decal"
"Skin.Heaven.Stripes","007's Aston Martin Valhalla: Stripes","Decal"
"Skin.Heaven.Wings","007's Aston Martin Valhalla: Wings","Decal"
"Skin.Hero.01","The Incredibile: Modern Super Suit","Decal"
"Skin.Hero.02","The Incredibile: Classic Super Suit","Decal"
"Skin.Hero.03","The Incredibile: Frozone","Decal"
"Skin.HicT1.Frosted","Honda Civic Type R: Ombre","Decal"
"Skin.HicT1.Huntress","Honda Civic Type R: Huntress","Decal"
"Skin.HicT1.Maz","Honda Civic Type R: Maz","Decal"
"Skin.HicT1.QuadsColor","Honda Civic Type R: Wrapstar","Decal"
"Skin.HicT1.QuadsSE","Honda Civic Type R: Wrapstar: Remixed","Decal"
"Skin.HydeT1.Flames","Magnifique: Flames","Decal"
"Skin.HydeT1.Lightning","Magnifique: Lightning","Decal"
"Skin.HydeT1.Livery01","Magnifique: Quel Arrêt","Decal"
"Skin.HydeT1.Livery02","Magnifique: Reebar","Decal"
"Skin.HydeT1.Stripes","Magnifique: Stripes","Decal"
"Skin.HydeT1.Wings","Magnifique: Wings","Decal"
"Skin.HydeT2.Flames","Magnifique GXT: Flames","Decal"
"Skin.HydeT2.Lightning","Magnifique GXT: Lightning","Decal"
"Skin.HydeT2.Livery01","Magnifique GXT: Quel Arrêt","Decal"
"Skin.HydeT2.Livery02","Magnifique GXT: Reebar","Decal"
"Skin.HydeT2.Stripes","Magnifique GXT: Stripes","Decal"
"Skin.HydeT2.Wings","Magnifique GXT: Wings","Decal"
"Skin.Import.Anubis","Takumi: Anubis","Decal"
"Skin.Import.Aqeous","Takumi: Aqueous","Decal"
"Skin.Import.Combo","Takumi: Combo","Decal"
"Skin.Import.Cosmos","Takumi: Sizzled","Decal"
"Skin.Import.Gato","Takumi: Copycat","Decal"
"Skin.Import.Huntress","Takumi: Huntress","Decal"
"Skin.Import.Iceberg","Takumi: Katara","Decal"
"Skin.Import.Ingot","Takumi: URBN","Decal"
"Skin.Import.Newtonball","Takumi: BB-8","Decal"
"Skin.Import.Nitrous","Takumi: Reiko","Decal"
"Skin.Import.Oasis","Takumi: Bloomzoom","Decal"
"Skin.Import.Ohai","Takumi: Gaki","Decal"
"Skin.Import.Pointypointers","Takumi: Poindexter","Decal"
"Skin.Import.Smirkfire","Takumi: Grillzy","Decal"
"Skin.Import.Stickerbomb","Takumi: Sticker Bomb","Decal"
"Skin.Import.Stripes","Takumi: Stripes","Decal"
"Skin.Import.Sugarwizzle","Takumi: Whizzle","Decal"
"Skin.Import.Techarrows","Takumi: Vector","Decal"
"Skin.Import.Technologic","Takumi: Crazy-8","Decal"
"Skin.Import.Wallpaper","Takumi: Dolphino","Decal"
"Skin.Import.Wisp","Takumi: Chaser","Decal"
"Skin.Interceptor.Flames","Ripper: Flames","Decal"
"Skin.Interceptor.Getkraken","Ripper: Ockie","Decal"
"Skin.Interceptor.Kitsune","Ripper: Shot Fox","Decal"
"Skin.Interceptor.Sandgirl","Ripper: Bomber","Decal"
"Skin.Interceptor.Spikes","Ripper: Spikes","Decal"
"Skin.Interceptor.Theeye","Ripper: Stibium","Decal"
"Skin.Interceptor.Tribal","Ripper: Tribal","Decal"
"Skin.IvoryCascade.IvoryCascade05","Lamborghini Temerario GT3: Il Vanto","Decal"
"Skin.IvoryCascade.IvoryCascade06","Lamborghini Temerario GT3: Neochrome","Decal"
"Skin.IvoryCascade.IvoryCascade07","Lamborghini Temerario GT3: Limitless","Decal"
"Skin.IvoryCascade.IvoryCascade08","Lamborghini Temerario GT3: 96 Star","Decal"
"Skin.IvoryCascade.IvoryCascade09","Lamborghini Temerario GT3: Iced Chrome","Decal"
"Skin.Jam.EvilOrnament01","Porsche 911 GT3 RS: Darth Vader","Decal"
"Skin.Jam.EvilOrnament02","Porsche 911 GT3 RS: Darth Maul","Decal"
"Skin.Jam.EvilOrnament03","Porsche 911 GT3 RS: Captain Phasma","Decal"
"Skin.Jam.Flames","Porsche 911 GT3 RS: Flames","Decal"
"Skin.Jam.Lightning","Porsche 911 GT3 RS: Lightning","Decal"
"Skin.Jam.Livery1","Porsche 911 GT3 RS: RL Grid","Decal"
"Skin.Jam.Livery2","Porsche 911 GT3 RS: Speedsketch","Decal"
"Skin.Jam.Livery3","Porsche 911 GT3 RS: Team Switcher","Decal"
"Skin.Jam.Livery4","Porsche 911 GT3 RS: GT3 RS Signature","Decal"
"Skin.Jam.Stripes","Porsche 911 GT3 RS: Stripes","Decal"
"Skin.Jam.Wings","Porsche 911 GT3 RS: Wings","Decal"
"Skin.Jekyll.Flames","Corlay: Flames","Decal"
"Skin.Jekyll.Lightning","Corlay: Lightning","Decal"
"Skin.Jekyll.Livery01","Corlay: Reebar","Decal"
"Skin.Jekyll.Livery02","Corlay: Quel Arrêt","Decal"
"Skin.Jekyll.Stripes","Corlay: Stripes","Decal"
"Skin.Jekyll.Wings","Corlay: Wings","Decal"
"Skin.Jinn.FlamesTierall","Redline: Flames","Decal"
"Skin.Jinn.Huntress","Redline: Huntress","Decal"
"Skin.Jinn.LightningTierall","Redline: Lightning","Decal"
"Skin.Jinn.StripesTierall","Redline: Stripes","Decal"
"Skin.Jinn.TechTierall","Redline: Tech","Decal"
"Skin.Jinn.WingsTierall","Redline: Wings","Decal"
"Skin.Keanu.Flames","Mako: Flames","Decal"
"Skin.Keanu.Lightning","Mako: Lightning","Decal"
"Skin.Keanu.Livery","Mako: Circuit","Decal"
"Skin.Keanu.Livery2","Mako: Submariner","Decal"
"Skin.Keanu.Stripes","Mako: Stripes","Decal"
"Skin.Keanu.Wings","Mako: Wings","Decal"
"Skin.KusanagiT1.Beam","Ronin: Beam ONE","Decal"
"Skin.KusanagiT1.Crypto","Ronin: Crypto","Decal"
"Skin.KusanagiT1.Fade","Ronin: Retrofade","Decal"
"Skin.KusanagiT1.Flames","Ronin: Flames","Decal"
"Skin.KusanagiT1.Stripes","Ronin: Stripes","Decal"
"Skin.KusanagiT1.Wings","Ronin: Wings","Decal"
"Skin.LawnAero.01","?INT?Product","Decal"
"Skin.LawnAero.02","?INT?Product","Decal"
"Skin.LawnAero.03","?INT?Product","Decal"
"Skin.LawnAero.04","?INT?Product","Decal"
"Skin.LawnAero.05","?INT?Product","Decal"
"Skin.LawnAero.06","?INT?Product","Decal"
"Skin.LawnAero.07","?INT?Product","Decal"
"Skin.LawnAero.08","?INT?Product","Decal"
"Skin.LawnAero.09","?INT?Product","Decal"
"Skin.LawnAero.10","?INT?Product","Decal"
"Skin.LawnAero.11","?INT?Product","Decal"
"Skin.Lawrence.Flames","Defender D7X-R: Flames","Decal"
"Skin.Lawrence.Livery01","Defender D7X-R: Rally Edition","Decal"
"Skin.Lawrence.Livery02","Defender D7X-R: Matte Petra Copper","Decal"
"Skin.Lawrence.Stripes","Defender D7X-R: Stripes","Decal"
"Skin.Legs.Livery01","Recoil AV: O.X.R.","Decal"
"Skin.Legs.Livery02","Recoil AV: Blue Dragon","Decal"
"Skin.Legs.Livery03","Recoil AV: Unit.01","Decal"
"Skin.LemonadeT1.Burst","Harbinger: Edge Burst","Decal"
"Skin.LemonadeT1.Camo","Harbinger: Camo","Decal"
"Skin.LemonadeT1.Flames","Harbinger: Flames","Decal"
"Skin.LemonadeT1.Frosted","Harbinger: Ombre","Decal"
"Skin.LemonadeT1.Gust","Harbinger: Sally","Decal"
"Skin.LemonadeT1.Namesake","Harbinger: Namesake","Decal"
"Skin.LemonadeT1.Omens","Harbinger: Martian Wind","Decal"
"Skin.LemonadeT1.Quickline","Harbinger: Quickline","Decal"
"Skin.LemonadeT1.Stripes","Harbinger: Sripes","Decal"
"Skin.LemonadeT1.Wings","Harbinger: Wings","Decal"
"Skin.Levain.Blackhole","Werewolf: Anticlipse","Decal"
"Skin.Levain.Block","Werewolf: Arcadia","Decal"
"Skin.Levain.Flair","Werewolf: Big Scratches","Decal"
"Skin.Levain.Neko","Werewolf: Shapeshifter","Decal"
"Skin.Levain.Omens","Werewolf: Martian Wind","Decal"
"Skin.Levain.Stripes","Werewolf: Stripes","Decal"
"Skin.Levain.Tech","Werewolf: Tech","Decal"
"Skin.Levain.TechArrows","Werewolf: Vector","Decal"
"Skin.Levain.Tsunami","Werewolf: Anthrophobe","Decal"
"Skin.Levain.Werewolf","Werewolf: Big Bad","Decal"
"Skin.Levain.XMat","Werewolf: Kana","Decal"
"Skin.Lime.Flames","Stampede: Flames","Decal"
"Skin.Lime.Gherkin01","Stampede: Stan Marsh","Decal"
"Skin.Lime.Gherkin02","Stampede: Kyle Broflovski","Decal"
"Skin.Lime.Gherkin03","Stampede: Eric Cartman","Decal"
"Skin.Lime.Gherkin04","Stampede: Kenny McCormick","Decal"
"Skin.Lime.Gherkin05","Stampede: Butters Stotch","Decal"
"Skin.Lime.Lightning","Stampede: Lightning","Decal"
"Skin.Lime.Lime1","Stampede: Retro Paneling","Decal"
"Skin.Lime.Lime2","Stampede: Topography","Decal"
"Skin.Lime.Stripes","Stampede: Stripes","Decal"
"Skin.Lime.Wings","Stampede: Wings","Decal"
"Skin.Lionsmane.Lionsmane02","Patty Wagon: DoodleBob","Decal"
"Skin.Lionsmane.Lionsmane03","Patty Wagon: Gary","Decal"
"Skin.Lux.Branded","Maestro: Apollo","Decal"
"Skin.Lux.Clean","Maestro: Outline","Decal"
"Skin.Lux.Flames","Maestro: Flames","Decal"
"Skin.Lux.Frosted","Maestro: Ombre","Decal"
"Skin.Lux.Huntress","Maestro: Huntress","Decal"
"Skin.Lux.Lightning","Maestro: Lightning","Decal"
"Skin.Lux.Litesmoke","Maestro: Brume","Decal"
"Skin.Lux.Stripes","Maestro: Stripes","Decal"
"Skin.Lux.Wings","Maestro: Wings","Decal"
"Skin.Macht.MachtLivery1","Mercedes-AMG GT 63 S: Matte Black","Decal"
"Skin.Macht.MachtLivery2","Mercedes-AMG GT 63 S: Kai Cenat","Decal"
"Skin.Macht.MachtLivery3","Mercedes-AMG GT 63 S: AMG","Decal"
"Skin.Magnet.Magnet1","Ford Mustang Shelby GT500: Silver Bullet","Decal"
"Skin.Magnet.Magnet2","Ford Mustang Shelby GT500: Mustang","Decal"
"Skin.Magnet.Magnet3","Ford Mustang Shelby GT500: Formula Ford","Decal"
"Skin.MangoT1.Blades","Guardian: Skiver","Decal"
"Skin.MangoT1.Freedom","Guardian: O.H.W.","Decal"
"Skin.MangoT1.Intake","Guardian: Intake","Decal"
"Skin.MangoT1.Stripes","Guardian: Stripes","Decal"
"Skin.MangoT1.Thunder","Guardian: Thunderbolt","Decal"
"Skin.MangoT1.Warninglines","Guardian: Vigilance","Decal"
"Skin.Manual.Flames","Pontiac Firebird: Flames","Decal"
"Skin.Manual.Lightning","Pontiac Firebird: Lightning","Decal"
"Skin.Manual.Livery01","Pontiac Firebird: Calified","Decal"
"Skin.Manual.Livery02","Pontiac Firebird: Band Car","Decal"
"Skin.Manual.Livery03","Pontiac Firebird: Mall Cop","Decal"
"Skin.Manual.Stripes","Pontiac Firebird: Stripes","Decal"
"Skin.Manual.Wings","Pontiac Firebird: Wings","Decal"
"Skin.Maple.01","?INT?Product","Decal"
"Skin.Maple.Default","?INT?Product","Decal"
"Skin.Maple.DefaultA","?INT?Product","Decal"
"Skin.Maple.DefaultB","?INT?Product","Decal"
"Skin.Marauder.avalanche","Marauder: Vagabond","Decal"
"Skin.Marauder.Eighteen","Marauder: XVIII","Decal"
"Skin.Marauder.Stripes","Marauder: Stripes","Decal"
"Skin.Maser.Flames","Mamba: Flames","Decal"
"Skin.Maser.Frosted","Mamba: Ombre","Decal"
"Skin.Maser.Huntress","Mamba: Huntress","Decal"
"Skin.Maser.Lightning","Mamba: Lightning","Decal"
"Skin.Maser.Randone","Mamba: D-Money","Decal"
"Skin.Maser.Rare","Mamba: Sharpshooter","Decal"
"Skin.Maser.Stripes","Mamba: Stripes","Decal"
"Skin.Maser.Timmy1","Mamba: Finn the Human","Decal"
"Skin.Maser.Timmy2","Mamba: Jake the Dog","Decal"
"Skin.Maser.Wings","Mamba: Wings","Decal"
"Skin.MauiT1.Flames","Nomad: Flames","Decal"
"Skin.MauiT1.Huntress","Nomad: Huntress","Decal"
"Skin.MauiT1.Jerm","Nomad: Blinkpad","Decal"
"Skin.MauiT1.Lightning","Nomad: Lightning","Decal"
"Skin.MauiT1.Reentry","Nomad: Meteor","Decal"
"Skin.MauiT1.Stripes","Nomad: Stripes","Decal"
"Skin.MauiT1.Wings","Nomad: Wings","Decal"
"Skin.Melonpan.B","Fast & Furious Nissan Skyline: Reel Life","Decal"
"Skin.Melonpan.Billboard","Fast & Furious Nissan Skyline: Clean Cut","Decal"
"Skin.Melonpan.Grimace","Fast & Furious Nissan Skyline: The Clutch","Decal"
"Skin.Melonpan.Livery1","Fast & Furious Nissan Skyline: Twilight Skyline","Decal"
"Skin.Melonpan.Oldschool","Fast & Furious Nissan Skyline: Home Stretch","Decal"
"Skin.Melonpan.Outline","Fast & Furious Nissan Skyline: 2Bold","Decal"
"Skin.Melonpan.Rks","Fast & Furious Nissan Skyline: 2Cool","Decal"
"Skin.Melonpan.Zillah","Fast & Furious Nissan Skyline: 2Tuff","Decal"
"Skin.MelonT1.Rles","Mudcat: RL Esports","Decal"
"Skin.Metz.08","S13 - Supersonic Legend","Decal"
"Skin.Mitty.Dimensional","Komodo: Deceptor","Decal"
"Skin.Mitty.Flow","Komodo: Okapi","Decal"
"Skin.Mitty.Fractured","Komodo: Fractured","Decal"
"Skin.Mitty.Line","Komodo: Takeover","Decal"
"Skin.Mitty.Spiral","Komodo: Drop Zone","Decal"
"Skin.Mitty.Stripes","Komodo: Stripes","Decal"
"Skin.Mitty.Tech","Komodo: Tech","Decal"
"Skin.Mitty.Triangle","Komodo: Fractal Point","Decal"
"Skin.Mitty.Tsunami","Komodo: Anthrophobe","Decal"
"Skin.MoonFlaxSports.Flames","Lockjaw: Flames","Decal"
"Skin.MoonFlaxSports.Lightning","Lockjaw: Lightning","Decal"
"Skin.MoonFlaxSports.Livery1","Lockjaw: Lockjaw Blackout","Decal"
"Skin.MoonFlaxSports.Livery2","Lockjaw: Lockjaw Heatwave","Decal"
"Skin.MoonFlaxSports.Livery3","Lockjaw: Lockjaw Oasis","Decal"
"Skin.MoonFlaxSports.Stripes","Lockjaw: Stripes","Decal"
"Skin.MoonFlaxSports.Wings","Lockjaw: Wings","Decal"
"Skin.MoonFlaxSUV.Flames","Behemoth: Flames","Decal"
"Skin.MoonFlaxSUV.Lightning","Behemoth: Lightning","Decal"
"Skin.MoonFlaxSUV.Livery1","Behemoth: Behemoth Blackout","Decal"
"Skin.MoonFlaxSUV.Livery2","Behemoth: Behemoth Dune Hunter","Decal"
"Skin.MoonFlaxSUV.Stripes","Behemoth: Stripes","Decal"
"Skin.MoonFlaxSUV.Wings","Behemoth: Wings","Decal"
"Skin.Mudpie.Flames","Jeep Wrangler Rubicon: Flames","Decal"
"Skin.Mudpie.Lightning","Jeep Wrangler Rubicon: Lightning","Decal"
"Skin.Mudpie.Mudpie1","Jeep Wrangler Rubicon: Tomb Raider","Decal"
"Skin.Mudpie.Mudpie2","Jeep Wrangler Rubicon: Hydro Blue","Decal"
"Skin.Mudpie.Stripes","Jeep Wrangler Rubicon: Stripes","Decal"
"Skin.Mudpie.Wings","Jeep Wrangler Rubicon: Wings","Decal"
"Skin.Multigrain.80sClass","Imperator DT5: '80s Grad","Decal"
"Skin.Multigrain.ArcSquad","Imperator DT5: ARC","Decal"
"Skin.Multigrain.Bouncy","Imperator DT5: Windswept","Decal"
"Skin.Multigrain.BP","Imperator DT5: NBP","Decal"
"Skin.Multigrain.FuzzyFuzzy","Imperator DT5: Tevolo","Decal"
"Skin.Multigrain.MoshPitter","Imperator DT5: Mosher","Decal"
"Skin.Multigrain.Painted","Imperator DT5: Skullcap","Decal"
"Skin.Multigrain.Pat","Imperator DT5: Righteous Sun","Decal"
"Skin.Multigrain.Shapes","Imperator DT5: Overhaul","Decal"
"Skin.Musclecar.AlpineEsports","Dominus: Alpine Esports","Decal"
"Skin.Musclecar.Amerca","Dominus: MDGA","Decal"
"Skin.Musclecar.Araki","Dominus: Araki","Decal"
"Skin.Musclecar.ArzH","Dominus: Arizona Cardinals","Decal"
"Skin.Musclecar.Asym","Dominus: Asymmetric","Decal"
"Skin.Musclecar.AtlH","Dominus: Atlanta Falcons","Decal"
"Skin.Musclecar.Audio","Dominus: Lo Freq","Decal"
"Skin.Musclecar.BdsAway","Dominus: Team BDS (Away)","Decal"
"Skin.Musclecar.BdsHome","Dominus: Team BDS (Home)","Decal"
"Skin.Musclecar.BtlH","Dominus: Baltimore Ravens","Decal"
"Skin.Musclecar.BubbleBobbler","Dominus: Bubble Beasts","Decal"
"Skin.Musclecar.BufH","Dominus: Buffalo Bills","Decal"
"Skin.Musclecar.Bumbler","Dominus: Buzzer Beater","Decal"
"Skin.Musclecar.Bustedgame","Dominus: Kill Screen","Decal"
"Skin.Musclecar.BwrLiveries","Dominus: Meka","Decal"
"Skin.Musclecar.CampesinoCool","Dominus: Megafrost","Decal"
"Skin.Musclecar.Candymonster","Dominus: Candy Monster","Decal"
"Skin.Musclecar.CarH","Dominus: Carolina Panthers","Decal"
"Skin.Musclecar.Casettekiller","Dominus: Mixtape","Decal"
"Skin.Musclecar.Cautionstripes","Dominus: MidLine","Decal"
"Skin.Musclecar.CharredMultichrome","Dominus: Fire God: Multichrome","Decal"
"Skin.Musclecar.Cherrybomb","Dominus: Cherry Bomb","Decal"
"Skin.Musclecar.ChiH","Dominus: Chicago Bears","Decal"
"Skin.Musclecar.CinH","Dominus: Cincinnati Bengals","Decal"
"Skin.Musclecar.Circuit","Dominus: Short Circuit","Decal"
"Skin.Musclecar.Cleancut","Dominus: OR-AISE","Decal"
"Skin.Musclecar.CleH","Dominus: Cleveland Browns","Decal"
"Skin.Musclecar.Cloud9Esports","Dominus: Cloud9","Decal"
"Skin.Musclecar.Coloredlogo","Dominus: RC Rivals","Decal"
"Skin.Musclecar.Comet","Dominus: Agamid","Decal"
"Skin.Musclecar.Complexity024","Dominus: Complexity 2024","Decal"
"Skin.Musclecar.ComplexityAway","Dominus: Complexity (Away)","Decal"
"Skin.Musclecar.ComplexityEsports","Dominus: Complexity","Decal"
"Skin.Musclecar.ComplexityHome","Dominus: Complexity (Home)","Decal"
"Skin.Musclecar.ComplexityTC","Dominus: Complexity (Home)","Decal"
"Skin.Musclecar.ComplexityTCA","Dominus: Complexity (Away)","Decal"
"Skin.Musclecar.Copystripes","Dominus: Widebody","Decal"
"Skin.Musclecar.CsDestroyers","Dominus: Destroyers","Decal"
"Skin.Musclecar.Csknights","Dominus: Knights","Decal"
"Skin.Musclecar.Csphantoms","Dominus: Phantoms","Decal"
"Skin.Musclecar.DalH","Dominus: Dallas Cowboys","Decal"
"Skin.Musclecar.Deadlymoth","Dominus: King Acheron","Decal"
"Skin.Musclecar.Deadrat","Dominus: Unhappy Ending","Decal"
"Skin.Musclecar.DenH","Dominus: Denver Broncos","Decal"
"Skin.Musclecar.DetH","Dominus: Detroit Lions","Decal"
"Skin.Musclecar.Diammond","Dominus: Royalty","Decal"
"Skin.Musclecar.Dignitas","Dominus: Dignitas (Home)","Decal"
"Skin.Musclecar.Dignitas024","Dominus: Dignitas 2024","Decal"
"Skin.Musclecar.DignitasA","Dominus: Dignitas (Away)","Decal"
"Skin.Musclecar.DignitasAway","Dominus: Dignitas (Away)","Decal"
"Skin.Musclecar.DignitasEsports","Dominus: Dignitas","Decal"
"Skin.Musclecar.DignitasHome","Dominus: Dignitas (Home)","Decal"
"Skin.Musclecar.dMonoB","?INT?Product","Decal"
"Skin.Musclecar.Dragon","Dominus: Dragon Lord","Decal"
"Skin.Musclecar.Dragoner","Dominus: Dragon","Decal"
"Skin.Musclecar.Dreamscape","Dominus: Migraine","Decal"
"Skin.Musclecar.Dueling","Dominus: 10dril","Decal"
"Skin.Musclecar.Eastern","Dominus: CRL Eastern","Decal"
"Skin.Musclecar.Edgedots","Dominus: Dot Matrix","Decal"
"Skin.Musclecar.EdgedotsPsplus","Dominus: Dot Matrix P+G","Decal"
"Skin.Musclecar.Edgestatic","Dominus: Distortion","Decal"
"Skin.Musclecar.Egglife","Dominus: Mondo","Decal"
"Skin.Musclecar.Elevate024","Dominus: Elevate 2024","Decal"
"Skin.Musclecar.EndgameAway","Dominus: EndGame (Away)","Decal"
"Skin.Musclecar.EndgameHome","Dominus: EndGame (Home)","Decal"
"Skin.Musclecar.Endpoint","Dominus: Team Endpoint","Decal"
"Skin.Musclecar.Endpoint024","Dominus: Endpoint 2024","Decal"
"Skin.Musclecar.EndpointAway","Dominus: Endpoint (Away)","Decal"
"Skin.Musclecar.EndpointEsports","Dominus: Endpoint (Home)","Decal"
"Skin.Musclecar.EndpointEsportsA","Dominus: Endpoint (Away)","Decal"
"Skin.Musclecar.EndpointHome","Dominus: Endpoint (Home)","Decal"
"Skin.Musclecar.Envy","Dominus: Team Envy","Decal"
"Skin.Musclecar.EnvyEsports","Dominus: Envy (Home)","Decal"
"Skin.Musclecar.EnvyEsportsA","Dominus: Envy (Away)","Decal"
"Skin.Musclecar.Esports","Dominus: RLCS","Decal"
"Skin.Musclecar.Eunited","Dominus: eUnited (Home)","Decal"
"Skin.Musclecar.EunitedA","Dominus: eUnited (Away)","Decal"
"Skin.Musclecar.EunitedEsports","Dominus: eUnited","Decal"
"Skin.Musclecar.EvilGeniuses","Dominus: Evil Geniuses (Home)","Decal"
"Skin.Musclecar.EvilgeniusesA","Dominus: Evil Geniuses (Away)","Decal"
"Skin.Musclecar.EvilgeniusesAway","Dominus: Evil Geniuses (Away)","Decal"
"Skin.Musclecar.EvilgeniusesEsports","Dominus: Evil Geniuses","Decal"
"Skin.Musclecar.EvilgeniusesHome","Dominus: Evil Geniuses (Home)","Decal"
"Skin.Musclecar.Extink","Dominus: Beastly","Decal"
"Skin.Musclecar.Eyeripper","Dominus: Proptosis","Decal"
"Skin.Musclecar.Eyewing","Dominus: Razerwing","Decal"
"Skin.Musclecar.Fantasmo","Dominus: Fantasmo","Decal"
"Skin.Musclecar.Fazeclan","Dominus: FaZe Clan (Home)","Decal"
"Skin.Musclecar.FazeClanA","Dominus: FaZe Clan (Away)","Decal"
"Skin.Musclecar.FazeclanAway","Dominus: FaZe Clan (Away)","Decal"
"Skin.Musclecar.FaZeClanHome","Dominus: FaZe Clan (Home)","Decal"
"Skin.Musclecar.Fcacm","Dominus: AC Milan (PUMA x KOCHÉ)","Decal"
"Skin.Musclecar.Feralcat","Dominus: Bodacious","Decal"
"Skin.Musclecar.Firestarter","Dominus: Firestarter","Decal"
"Skin.Musclecar.Flames","Dominus: Flames","Decal"
"Skin.Musclecar.Flametress","Dominus: Flametress","Decal"
"Skin.Musclecar.Flex","Dominus: Flex","Decal"
"Skin.Musclecar.Freepin","Dominus: Air Jordan 11 ""Gratitude""","Decal"
"Skin.Musclecar.Frosted","Dominus: Ombre","Decal"
"Skin.Musclecar.FrostyFlake","Dominus: Frosty Flake","Decal"
"Skin.Musclecar.Fumus","Dominus: Gasman","Decal"
"Skin.Musclecar.Funkymedusa","Dominus: Funky Medusa","Decal"
"Skin.Musclecar.Funnybook","Dominus: Funny Book","Decal"
"Skin.Musclecar.Furia","Dominus: Furia (Home)","Decal"
"Skin.Musclecar.Furia024","Dominus: Furia 2024","Decal"
"Skin.Musclecar.FuriaA","Dominus: Furia (Away)","Decal"
"Skin.Musclecar.FuriaAway","Dominus: Furia (Away)","Decal"
"Skin.Musclecar.FuriaHome","Dominus: Furia (Home)","Decal"
"Skin.Musclecar.G2","Dominus: G2 Esports (Home)","Decal"
"Skin.Musclecar.G2024","Dominus: G2 Esports 2024","Decal"
"Skin.Musclecar.G2A","Dominus: G2 Esports (Away)","Decal"
"Skin.Musclecar.G2Esports","Dominus: G2 Esports","Decal"
"Skin.Musclecar.G2EsportsAway","Dominus: G2 Esports (Away)","Decal"
"Skin.Musclecar.G2EsportsHome","Dominus: G2 Esports (Home)","Decal"
"Skin.Musclecar.Gamez","Dominus: Sweat Vet","Decal"
"Skin.Musclecar.Gb","Dominus: Green Bay Packers","Decal"
"Skin.Musclecar.Geng024","Dominus: Gen.G 2024","Decal"
"Skin.Musclecar.GengAway","Dominus: Gen.G (Away)","Decal"
"Skin.Musclecar.GengHome","Dominus: Gen.G (Home)","Decal"
"Skin.Musclecar.Gentlemates024","Dominus: Gentle Mates 2024","Decal"
"Skin.Musclecar.Ghost","Dominus: Ghost Gaming (Home)","Decal"
"Skin.Musclecar.GhostA","Dominus: Ghost Gaming (Away)","Decal"
"Skin.Musclecar.GhostAway","Dominus: Ghost Gaming (Away)","Decal"
"Skin.Musclecar.GhostEsports","Dominus: Ghost Gaming","Decal"
"Skin.Musclecar.GhostHome","Dominus: Ghost Gaming (Home)","Decal"
"Skin.Musclecar.Giants","Dominus: Giants (Home)","Decal"
"Skin.Musclecar.GiantsA","Dominus: Giants (Away)","Decal"
"Skin.Musclecar.Graffiti","Dominus: UAP","Decal"
"Skin.Musclecar.GroundZero","Dominus: Ground Zero Gaming (Home)","Decal"
"Skin.Musclecar.Groundzero024","Dominus: Ground Zero Gaming 2024","Decal"
"Skin.Musclecar.GroundZeroA","Dominus: Ground Zero Gaming (Away)","Decal"
"Skin.Musclecar.Groundzeroaway","Dominus: Ground Zero Gaming (Away)","Decal"
"Skin.Musclecar.Groundzerohome","Dominus: Ground Zero Gaming (Home)","Decal"
"Skin.Musclecar.Guild","Dominus: Guild","Decal"
"Skin.Musclecar.GuildAway","Dominus: Guild (Away)","Decal"
"Skin.Musclecar.GuildEsports","Dominus: Guild (Home)","Decal"
"Skin.Musclecar.GuildEsportsA","Dominus: Guild (Away)","Decal"
"Skin.Musclecar.GuildHome","Dominus: Guild (Home)","Decal"
"Skin.Musclecar.Hairylegger","Dominus: Nightmare Fuel","Decal"
"Skin.Musclecar.Halloween","Dominus: Afterlife","Decal"
"Skin.Musclecar.Hhpuzzle","Dominus: Billy The Puppet","Decal"
"Skin.Musclecar.HiTek","Dominus: Pixel-Point","Decal"
"Skin.Musclecar.HouH","Dominus: Houston Texans","Decal"
"Skin.Musclecar.Huntress","Dominus: Huntress","Decal"
"Skin.Musclecar.Hypercolor","Dominus: Hyper Color","Decal"
"Skin.Musclecar.Iceburg","Dominus: Zuko","Decal"
"Skin.Musclecar.Icevsfire","Dominus: Showdown","Decal"
"Skin.Musclecar.IndH","Dominus: Indianapolis Colts","Decal"
"Skin.Musclecar.Inframundo","Dominus: Inframundo","Decal"
"Skin.Musclecar.JaxH","Dominus: Jacksonville Jaguars","Decal"
"Skin.Musclecar.JellyFishSwarm","Dominus: Jelly Swarm","Decal"
"Skin.Musclecar.KarmineCorp","Dominus: Karmine Corp (Home)","Decal"
"Skin.Musclecar.Karminecorp024","Dominus: Karmine Corp 2024","Decal"
"Skin.Musclecar.KarmineCorpA","Dominus: Karmine Corp (Away)","Decal"
"Skin.Musclecar.KarminecorpAway","Dominus: Karmine Corp (Away)","Decal"
"Skin.Musclecar.KarminecorpHome","Dominus: Karmine Corp (Home)","Decal"
"Skin.Musclecar.Kaytoo","Dominus: K-2SO","Decal"
"Skin.Musclecar.KcH","Dominus: Kansas City Chiefs","Decal"
"Skin.Musclecar.Kkhun","Dominus: Kaskade","Decal"
"Skin.Musclecar.Knight","Dominus: Templar","Decal"
"Skin.Musclecar.Kru024","Dominus: KRÜ 2024","Decal"
"Skin.Musclecar.LacH","Dominus: Los Angeles Chargers","Decal"
"Skin.Musclecar.LarH","Dominus: Los Angeles Rams","Decal"
"Skin.Musclecar.LasH","Dominus: Las Vegas Raiders","Decal"
"Skin.Musclecar.Limitless024","Dominus: Limitless 2024","Decal"
"Skin.Musclecar.LiquidEsports","Dominus: Team Liquid","Decal"
"Skin.Musclecar.LowRider","Dominus: Balmy Boss","Decal"
"Skin.Musclecar.LowRider2","Dominus: Shape Up","Decal"
"Skin.Musclecar.Luminosity024","Dominus: Luminosity 2024","Decal"
"Skin.Musclecar.LuminosityAway","Dominus: Luminosity (Away)","Decal"
"Skin.Musclecar.LuminosityHome","Dominus: Luminosity (Home)","Decal"
"Skin.Musclecar.LuminousAirplane01","Dominus: Air Jordan 1 ""Chicago""","Decal"
"Skin.Musclecar.M80024","Dominus: M80 2024","Decal"
"Skin.Musclecar.Mangapanel","Dominus: Tomato Titan","Decal"
"Skin.Musclecar.MiaH","Dominus: Miami Dolphins","Decal"
"Skin.Musclecar.MinH","Dominus: Minnesota Vikings","Decal"
"Skin.Musclecar.MisfitsTC","Dominus: Misfits Gaming (Home)","Decal"
"Skin.Musclecar.MisfitsTCA","Dominus: Misfits Gaming (Away)","Decal"
"Skin.Musclecar.MoistAway","Dominus: Moist Esports (Away)","Decal"
"Skin.Musclecar.Moistesports024","Dominus: Moist Esports 2024","Decal"
"Skin.Musclecar.MoistHome","Dominus: Moist Esports (Home)","Decal"
"Skin.Musclecar.MonoA","Dominus: Shinjuku","Decal"
"Skin.Musclecar.MonoB","Dominus: Shinjuku: Remixed","Decal"
"Skin.Musclecar.Moonrocker","Dominus: Moon Rocker","Decal"
"Skin.Musclecar.MousesportsEsports","Dominus: Mousesports","Decal"
"Skin.Musclecar.Mrabs","Dominus: Gentleman Beef","Decal"
"Skin.Musclecar.Murk","Dominus: Merc with a Motor","Decal"
"Skin.Musclecar.Mustard","Dominus: SoftShard","Decal"
"Skin.Musclecar.NAL","?INT?Product","Decal"
"Skin.Musclecar.Nasr","Dominus: NASCAR","Decal"
"Skin.Musclecar.NeH","Dominus: New England Patriots","Decal"
"Skin.Musclecar.Neon","Dominus: Slice-Tag","Decal"
"Skin.Musclecar.Nip024","Dominus: Ninjas In Pyjamas 2024","Decal"
"Skin.Musclecar.NMTiempo","Dominus: Nike Tiempo - Copper","Decal"
"Skin.Musclecar.NoH","Dominus: New Orleans Saints","Decal"
"Skin.Musclecar.Npcity","Dominus: Destroyers (City Slam)","Decal"
"Skin.Musclecar.Npcity2","Dominus: Phantoms (City Slam)","Decal"
"Skin.Musclecar.Npcity3","Dominus: Knights (City Slam)","Decal"
"Skin.Musclecar.Npcity4","Dominus: Kodiaks (City Slam)","Decal"
"Skin.Musclecar.Nrg024","Dominus: NRG 2024","Decal"
"Skin.Musclecar.NrgAway","Dominus: NRG (Away)","Decal"
"Skin.Musclecar.NrgEsports","Dominus: NRG","Decal"
"Skin.Musclecar.NrgHome","Dominus: NRG (Home)","Decal"
"Skin.Musclecar.NRGSeason8Esports","Dominus: NRG","Decal"
"Skin.Musclecar.NRGTC","Dominus: NRG (Home)","Decal"
"Skin.Musclecar.NRGTCA","Dominus: NRG (Away)","Decal"
"Skin.Musclecar.Nutcrack","Dominus: Nutcracker","Decal"
"Skin.Musclecar.NygH","Dominus: New York Giants","Decal"
"Skin.Musclecar.NyjH","Dominus: New York Jets","Decal"
"Skin.Musclecar.Oasis","Dominus: Spa Day","Decal"
"Skin.Musclecar.Og024","Dominus: OG 2024","Decal"
"Skin.Musclecar.Oldface","Dominus: Arcana","Decal"
"Skin.Musclecar.Omens","Dominus: Martian Wind","Decal"
"Skin.Musclecar.Onyx","Dominus: Oryx","Decal"
"Skin.Musclecar.OpticgamingAway","Dominus: OpTic Gaming (Away)","Decal"
"Skin.Musclecar.OpticgamingHome","Dominus: OpTic Gaming (Home)","Decal"
"Skin.Musclecar.Ornament","Dominus: Holiday Deco","Decal"
"Skin.Musclecar.Oxygen","Dominus: Oxygen Esports","Decal"
"Skin.Musclecar.Oxygen024","Dominus: Oxygen Esports 2024","Decal"
"Skin.Musclecar.OxygenAway","Dominus: Oxygen Esports (Away)","Decal"
"Skin.Musclecar.OxygenHome","Dominus: Oxygen Esports (Home)","Decal"
"Skin.Musclecar.PacificIslanderTribal","Dominus: Triballer","Decal"
"Skin.Musclecar.Panya","Dominus: Joker","Decal"
"Skin.Musclecar.Penguinholiday","Dominus: Winter Waddle","Decal"
"Skin.Musclecar.PhiH","Dominus: Philadelphia Eagles","Decal"
"Skin.Musclecar.Pioneers024","Dominus: KC Pioneers 2024","Decal"
"Skin.Musclecar.PioneersAway","Dominus: KC Pioneers (Away)","Decal"
"Skin.Musclecar.PioneersHome","Dominus: KC Pioneers (Home)","Decal"
"Skin.Musclecar.PitH","Dominus: Pittsburgh Steelers","Decal"
"Skin.Musclecar.PittsburghKnights","Dominus: Pittsburgh Knights (Home)","Decal"
"Skin.Musclecar.PittsburghKnightsA","Dominus: Pittsburgh Knights (Away)","Decal"
"Skin.Musclecar.PittsburghknightsEsports","Dominus: Pittsburgh Knights","Decal"
"Skin.Musclecar.Plates","Dominus: Stratum Badge","Decal"
"Skin.Musclecar.PsgEsports","Dominus: PSG Esports","Decal"
"Skin.Musclecar.Pwr","Dominus: PWR (Home)","Decal"
"Skin.Musclecar.Pwr024","Dominus: PWR 2024","Decal"
"Skin.Musclecar.PwrA","Dominus: PWR (Away)","Decal"
"Skin.Musclecar.PwrAway","Dominus: PWR (Away)","Decal"
"Skin.Musclecar.PwrHome","Dominus: PWR (Home)","Decal"
"Skin.Musclecar.QuadrantAway","Dominus: Quadrant (Away)","Decal"
"Skin.Musclecar.QuadrantHome","Dominus: Quadrant (Home)","Decal"
"Skin.Musclecar.Queso","Dominus: Team Queso (Home)","Decal"
"Skin.Musclecar.QuesoA","Dominus: Team Queso (Away)","Decal"
"Skin.Musclecar.Racer","Dominus: Demagogue","Decal"
"Skin.Musclecar.Rebellion024","Dominus: Rebellion 2024","Decal"
"Skin.Musclecar.ReciprocityEsports","Dominus: Reciprocity","Decal"
"Skin.Musclecar.Reinesword","Dominus: Heirloom","Decal"
"Skin.Musclecar.Renegades","Dominus: Renegades (Home)","Decal"
"Skin.Musclecar.RenegadesA","Dominus: Renegades (Away)","Decal"
"Skin.Musclecar.Resolve024","Dominus: Resolve 2024","Decal"
"Skin.Musclecar.Ringer003","Dominus: Magneto","Decal"
"Skin.Musclecar.RingerPH","Dominus: Jean Grey","Decal"
"Skin.Musclecar.Rix","Dominus: Rix.GG (Home)","Decal"
"Skin.Musclecar.RixA","Dominus: Rix.GG (Away)","Decal"
"Skin.Musclecar.Rles","Dominus: RL Esports","Decal"
"Skin.Musclecar.Rogue","Dominus: Rogue (Home)","Decal"
"Skin.Musclecar.RogueA","Dominus: Rogue (Away)","Decal"
"Skin.Musclecar.RogueAway","Dominus: Rogue (Away)","Decal"
"Skin.Musclecar.RogueEsports","Dominus: Rogue","Decal"
"Skin.Musclecar.RogueHome","Dominus: Rogue (Home)","Decal"
"Skin.Musclecar.Rooster","Dominus: Pollo Caliente","Decal"
"Skin.Musclecar.RoosterPsplus","Dominus: Pollo Caliente BL","Decal"
"Skin.Musclecar.Ruleone024","Dominus: Rule One 2024","Decal"
"Skin.Musclecar.Savage","Dominus: Savage","Decal"
"Skin.Musclecar.Screamingdemon","Dominus: Yaojing","Decal"
"Skin.Musclecar.Seagullart","Dominus: Whitewash","Decal"
"Skin.Musclecar.SeaH","Dominus: Seattle Seahawks","Decal"
"Skin.Musclecar.Semperesports","Dominus: SMPR Esports (Home)","Decal"
"Skin.Musclecar.SemperEsportsA","Dominus: SMPR Esports (Away)","Decal"
"Skin.Musclecar.SfH","Dominus: San Francisco 49ers","Decal"
"Skin.Musclecar.Sharpdom","Dominus: Skewered","Decal"
"Skin.Musclecar.Shopifyrebellion","Dominus: Rebellion (Home)","Decal"
"Skin.Musclecar.ShopifyrebellionA","Dominus: Rebellion (Away)","Decal"
"Skin.Musclecar.Singularity","Dominus: Team Singularity (Home)","Decal"
"Skin.Musclecar.SingularityA","Dominus: Team Singularity (Away)","Decal"
"Skin.Musclecar.SkAftermarket","Dominus: Sovereignteeth","Decal"
"Skin.Musclecar.Skgaming","Dominus: SK Gaming (Home)","Decal"
"Skin.Musclecar.SKGamingA","Dominus: SK Gaming (Away)","Decal"
"Skin.Musclecar.Skorpion","Dominus: Scorpions","Decal"
"Skin.Musclecar.Skulls","Dominus: Skulls","Decal"
"Skin.Musclecar.Slyspiker","Dominus: Vexxed","Decal"
"Skin.Musclecar.SnakeSkin","Dominus: Snakeskin","Decal"
"Skin.Musclecar.Solary","Dominus: Solary","Decal"
"Skin.Musclecar.Solary024","Dominus: Solary 2024","Decal"
"Skin.Musclecar.SolaryAway","Dominus: Solary (Away)","Decal"
"Skin.Musclecar.SolaryEsports","Dominus: Solary (Home)","Decal"
"Skin.Musclecar.SolaryEsportsA","Dominus: Solary (Away)","Decal"
"Skin.Musclecar.SolaryHome","Dominus: Solary (Home)","Decal"
"Skin.Musclecar.Soniqs","Dominus: Susquehanna Soniqs (Home)","Decal"
"Skin.Musclecar.SoniqsA","Dominus: Susquehanna Soniqs (Away)","Decal"
"Skin.Musclecar.SoniqsAway","Dominus: Susquehanna Soniqs (Away)","Decal"
"Skin.Musclecar.SoniqsEsports","Dominus: Susquehanna Soniqs","Decal"
"Skin.Musclecar.SoniqsHome","Dominus: Susquehanna Soniqs (Home)","Decal"
"Skin.Musclecar.Southern","Dominus: CRL Southern","Decal"
"Skin.Musclecar.Spacestation024","Dominus: Spacestation Gaming 2024","Decal"
"Skin.Musclecar.SpacestationAway","Dominus: Spacestation Gaming (Away)","Decal"
"Skin.Musclecar.Spacestationgaming","Dominus: Spacestation Gaming (Home)","Decal"
"Skin.Musclecar.SpacestationGamingA","Dominus: Spacestation Gaming (Away)","Decal"
"Skin.Musclecar.SpacestationgamingEsports","Dominus: Spacestation Gaming","Decal"
"Skin.Musclecar.SpacestationHome","Dominus: Spacestation Gaming (Home)","Decal"
"Skin.Musclecar.Spartan04","Dominus: Paz Vizsla","Decal"
"Skin.Musclecar.SpitScreamer","Dominus: Ravenous","Decal"
"Skin.Musclecar.SplyceEsports","Dominus: Splyce","Decal"
"Skin.Musclecar.SS","Dominus: Salty","Decal"
"Skin.Musclecar.Stripedynamic","Dominus: Aggressor","Decal"
"Skin.Musclecar.Stripes","Dominus: Stripes","Decal"
"Skin.Musclecar.TbH","Dominus: Tampa Bay Buccaneers","Decal"
"Skin.Musclecar.TeamBDS","Dominus: Team BDS","Decal"
"Skin.Musclecar.Teambds024","Dominus: Team BDS 2024","Decal"
"Skin.Musclecar.TeambdsEsports","Dominus: Team BDS (Home)","Decal"
"Skin.Musclecar.TeambdsEsportsA","Dominus: Team BDS (Away)","Decal"
"Skin.Musclecar.Teamfalcons024","Dominus: Team Falcons 2024","Decal"
"Skin.Musclecar.TeamfalconsAway","Dominus: Team Falcons (Away)","Decal"
"Skin.Musclecar.TeamfalconsHome","Dominus: Team Falcons (Home)","Decal"
"Skin.Musclecar.Teamliquid","Dominus: Team Liquid (Home)","Decal"
"Skin.Musclecar.TeamliquidA","Dominus: Team Liquid (Away)","Decal"
"Skin.Musclecar.TeamliquidAway","Dominus: Team Liquid (Away)","Decal"
"Skin.Musclecar.TeamliquidHome","Dominus: Team Liquid (Home)","Decal"
"Skin.Musclecar.Teamsecret024","Dominus: Team Secret 2024","Decal"
"Skin.Musclecar.TeamsecretAway","Dominus: Team Secret (Away)","Decal"
"Skin.Musclecar.TeamsecretHome","Dominus: Team Secret (Home)","Decal"
"Skin.Musclecar.Teamvitality024","Dominus: Team Vitality 2024","Decal"
"Skin.Musclecar.TeamvitalityAway","Dominus: Team Vitality (Away)","Decal"
"Skin.Musclecar.TeamvitalityHome","Dominus: Team Vitality (Home)","Decal"
"Skin.Musclecar.Tech","Dominus: Neo-Star","Decal"
"Skin.Musclecar.Techarrows","Dominus: Vector","Decal"
"Skin.Musclecar.TenH","Dominus: Tennessee Titans","Decal"
"Skin.Musclecar.Thornbrow","Dominus: RLCS X","Decal"
"Skin.Musclecar.ThornbrowAnim","Dominus: RLCS 2021-22","Decal"
"Skin.Musclecar.Toothspeeder","Dominus: Tropaion","Decal"
"Skin.Musclecar.Torrent","Dominus: Torrent (Home)","Decal"
"Skin.Musclecar.TorrentA","Dominus: Torrent (Away)","Decal"
"Skin.Musclecar.Trapper","Dominus: Splatter Grid","Decal"
"Skin.Musclecar.Tribal","Dominus: Tats","Decal"
"Skin.Musclecar.Triceraptops","Dominus: Tricera","Decal"
"Skin.Musclecar.TrueNeutral","Dominus: True Neutral (Home)","Decal"
"Skin.Musclecar.TrueNeutralA","Dominus: True Neutral (Away)","Decal"
"Skin.Musclecar.Tsm024","Dominus: TSM 2024","Decal"
"Skin.Musclecar.TsmEsports","Dominus: TSM","Decal"
"Skin.Musclecar.Tsunami","Dominus: Anthrophobe","Decal"
"Skin.Musclecar.Ttfr","?INT?Product","Decal"
"Skin.Musclecar.TundraAway","Dominus: Tundra Esports (Away)","Decal"
"Skin.Musclecar.TundraHome","Dominus: Tundra Esports (Home)","Decal"
"Skin.Musclecar.Tux","Dominus: Tinted Formal","Decal"
"Skin.Musclecar.TuxBW","Dominus: Fancy Formal","Decal"
"Skin.Musclecar.Tuya","Dominus: Suji","Decal"
"Skin.Musclecar.Twankle","Dominus: Hyperspace","Decal"
"Skin.Musclecar.Ultralite","Dominus: RLCS Copenhagen Major 2024","Decal"
"Skin.Musclecar.V1Away","Dominus: Version1 (Away)","Decal"
"Skin.Musclecar.V1Home","Dominus: Version1 (Home)","Decal"
"Skin.Musclecar.VeloceEsports","Dominus: Veloce","Decal"
"Skin.Musclecar.Version1","Dominus: Version1 (Home)","Decal"
"Skin.Musclecar.Version1A","Dominus: Version1 (Away)","Decal"
"Skin.Musclecar.Virtuspro024","Dominus: Virtus.pro 2024","Decal"
"Skin.Musclecar.Vitality","Dominus: Team Vitality (Home)","Decal"
"Skin.Musclecar.VitalityA","Dominus: Team Vitality (Away)","Decal"
"Skin.Musclecar.VitalityEsports","Dominus: Team Vitality","Decal"
"Skin.Musclecar.Was22H","Dominus: Washington Commanders","Decal"
"Skin.Musclecar.WasH","Dominus: Washington Football Team","Decal"
"Skin.Musclecar.Wasteland","Dominus: Wasteland","Decal"
"Skin.Musclecar.Whm22K","Dominus: Sun Chaser","Decal"
"Skin.Musclecar.WilliamsresolveAway","Dominus: Resolve (Away)","Decal"
"Skin.Musclecar.WilliamsresolveHome","Dominus: Resolve (Home)","Decal"
"Skin.Musclecar.Wings","Dominus: Wings","Decal"
"Skin.Musclecar.Xmasmiracle","Dominus: Arboreal Nightmare","Decal"
"Skin.Musclecar.Xset","Dominus: XSET (Home)","Decal"
"Skin.Musclecar.XsetA","Dominus: XSET (Away)","Decal"
"Skin.MuscleCar2.Alleyes","Dominus GT: Staredown","Decal"
"Skin.MuscleCar2.Brushstroke","Dominus GT: NNTR","Decal"
"Skin.MuscleCar2.Esports","Dominus GT: RLCS","Decal"
"Skin.MuscleCar2.EvilOrnament01","Dominus GT: General Grievous","Decal"
"Skin.MuscleCar2.Flames","Dominus GT: Flames","Decal"
"Skin.MuscleCar2.Mechanic","Dominus GT: Unmasked","Decal"
"Skin.MuscleCar2.Ocho","Dominus GT: Splatter","Decal"
"Skin.MuscleCar2.Protractor","Dominus GT: Protractor","Decal"
"Skin.MuscleCar2.SnakeSkin","Dominus GT: Snakeskin","Decal"
"Skin.MuscleCar2.Stripes","Dominus GT: Stripes","Decal"
"Skin.MuscleCar2.Sugartotem","Dominus GT: Callous Bros.","Decal"
"Skin.MuscleCar2.Sunburst","Dominus GT: Sunburst","Decal"
"Skin.MuscleCar2.Techno","Dominus GT: Techno","Decal"
"Skin.MuscleCar2.Wings","Dominus GT: Wings","Decal"
"Skin.NeoBike.Cutter","Esper: Shank","Decal"
"Skin.NeoBike.FormulaIII","Esper: Super F3","Decal"
"Skin.NeoBike.Kaiju","Esper: Kaiju","Decal"
"Skin.NeoBike.Magiceye","Esper: Eye Opener","Decal"
"Skin.NeoBike.MouseCat","Esper: Mouse Cat","Decal"
"Skin.NeoBike.Neo","Esper: Neo","Decal"
"Skin.NeoBike.Pegasus","Esper: Pegasus","Decal"
"Skin.NeoCar.Bouncecube","Masamune: Tumbling Blocks","Decal"
"Skin.NeoCar.Chibi","Masamune: Kawaii","Decal"
"Skin.NeoCar.Demon","Masamune: Oni","Decal"
"Skin.NeoCar.Dragon","Masamune: Druk","Decal"
"Skin.NeoCar.Flames","Masamune: Flames","Decal"
"Skin.NeoCar.Min","Masamune: Min-Spec","Decal"
"Skin.NeoCar.Pill","Masamune: Otaku","Decal"
"Skin.NeoCar.Squid","Masamune: DJ Sushi","Decal"
"Skin.NeoCar.Stars","Masamune: Stars","Decal"
"Skin.NeoCar.Stripes","Masamune: Stripes","Decal"
"Skin.NeoCar.Threeangle","Masamune: Trihedron","Decal"
"Skin.NeoCar.Track","Masamune: Road Rage","Decal"
"Skin.NeoCar.Yokai","Masamune: Yokai","Decal"
"Skin.NeonMarmot.01","Dominus GT 76: Shock","Decal"
"Skin.NeonMarmot.02","Dominus GT 76: Soar","Decal"
"Skin.NeonMarmot.Flames","Dominus GT 76: Flames","Decal"
"Skin.NeonMarmot.Lightning","Dominus GT 76: Lightning","Decal"
"Skin.NeonMarmot.Stripes","Dominus GT 76: Stripes","Decal"
"Skin.NeonMarmot.Wings","Dominus GT 76: Wings","Decal"
"Skin.NeptuneShell.Flames","Maserati G2 Stradale: Flames","Decal"
"Skin.NeptuneShell.Lightning","Maserati G2 Stradale: Lightning","Decal"
"Skin.NeptuneShell.Livery01","Maserati G2 Stradale: Blu Emozione","Decal"
"Skin.NeptuneShell.Livery02","Maserati G2 Stradale: Neon Stream","Decal"
"Skin.NeptuneShell.Livery03","Maserati G2 Stradale: Sporty Spots","Decal"
"Skin.Nerd.Big01","Nissan Skyline GT-R (R32): Godzilla","Decal"
"Skin.Nerd.Big02","Nissan Skyline GT-R (R32): Kong","Decal"
"Skin.Nerd.Big03","Nissan Skyline GT-R (R32): Godzilla Evolved","Decal"
"Skin.Nerd.Big04","Nissan Skyline GT-R (R32): Mechagodzilla","Decal"
"Skin.Norton.Dimensional","Nexus: Deceptor","Decal"
"Skin.Norton.Flames","Nexus: Flames","Decal"
"Skin.Norton.Fracturestripe","Nexus: Lasertrap","Decal"
"Skin.Norton.Frosted","Nexus: Ombre","Decal"
"Skin.Norton.Gust","Nexus: Sally","Decal"
"Skin.Norton.Huntress","Nexus: Huntress","Decal"
"Skin.Norton.Lightning","Nexus: Lightning","Decal"
"Skin.Norton.Omens","Nexus: Martian Wind","Decal"
"Skin.Norton.Spacemant","Nexus: Space Cadet","Decal"
"Skin.Norton.Stripes","Nexus: Stripes","Decal"
"Skin.Norton.Wings","Nexus: Wings","Decal"
"Skin.Numb.01","Aston Martin Valhalla: Gryffindor","Decal"
"Skin.Numb.02","Aston Martin Valhalla: Slytherin","Decal"
"Skin.Numb.03","Aston Martin Valhalla: Ravenclaw","Decal"
"Skin.Numb.04","Aston Martin Valhalla: Hufflepuff","Decal"
"Skin.Numb.Numb05","Aston Martin Valhalla: Aston Martin Signature","Decal"
"Skin.Number6.Bomber","Proteus: Tiger Shark","Decal"
"Skin.Number6.Bonkers","?INT?Product","Decal"
"Skin.Number6.Bouncecube","?INT?Product","Decal"
"Skin.Number6.Comet","?INT?Product","Decal"
"Skin.Number6.Cuddle","Proteus: Cuttle Time","Decal"
"Skin.Number6.Dive","Proteus: Crash Dive","Decal"
"Skin.Number6.Ladybug","Proteus: Ladybug","Decal"
"Skin.Number6.Number6","?INT?Product","Decal"
"Skin.Number6.Omens","?INT?Product","Decal"
"Skin.Number6.Squidrgb","?INT?Product","Decal"
"Skin.Number6.Stripesrgb","Proteus: Stripes","Decal"
"Skin.Number6.Tach","Proteus: Fathom","Decal"
"Skin.Number6.TechArrows","?INT?Product","Decal"
"Skin.Number6.Tsunami","?INT?Product","Decal"
"Skin.Number6.Xmat","?INT?Product","Decal"
"Skin.O2.Esports","Octane ZSR: RLCS","Decal"
"Skin.O2.FunnyBook","Octane ZSR: Funny Book","Decal"
"Skin.O2.Hyperstripes","Octane ZSR: Mean Streak","Decal"
"Skin.O2.Interceptor","Octane ZSR: Interceptor","Decal"
"Skin.O2.Jiangshi","Octane ZSR: Jiangshi","Decal"
"Skin.O2.Namesake","Octane ZSR: Namesake","Decal"
"Skin.O2.Peace","Octane ZSR: Peace","Decal"
"Skin.O2.Robosquid","Octane ZSR: Mechaceph","Decal"
"Skin.O2.SnakeSkin","Octane ZSR: Snakeskin","Decal"
"Skin.O2.Spotlight","Octane ZSR: Gobo","Decal"
"Skin.O2.Superflames","Octane ZSR: Wildfire","Decal"
"Skin.O2.Tribal","Octane ZSR: Tribal","Decal"
"Skin.Oblong.Accent","Lamborghini Huracán STO: Lamborghini Huracán STO v2","Decal"
"Skin.Oblong.Curioustuna01","Lamborghini Huracán STO: Throne of Thorns","Decal"
"Skin.Oblong.Curioustuna02","Lamborghini Huracán STO: Doja Driver","Decal"
"Skin.Oblong.Flames","Lamborghini Huracán STO: Flames","Decal"
"Skin.Oblong.Lightning","Lamborghini Huracán STO: Lightning","Decal"
"Skin.Oblong.OblongB","Lamborghini Huracán STO: Lamborghini Huracán STO","Decal"
"Skin.Oblong.Stripes","Lamborghini Huracán STO: Stripes","Decal"
"Skin.Oblong.Wings","Lamborghini Huracán STO: Wings","Decal"
"Skin.Octane.Abstractpanels","Octane: Abtruse","Decal"
"Skin.Octane.AbstractpanelsPsplus","Octane: Abtruse Au","Decal"
"Skin.Octane.Aglet02","Octane: Arsenal F.C.","Decal"
"Skin.Octane.Aglet03","Octane: Real Madrid CF","Decal"
"Skin.Octane.Aglet04","Octane: Manchester United","Decal"
"Skin.Octane.Aglet05","Octane: Juventus","Decal"
"Skin.Octane.Aglet07","Octane: FIFA Club World Cup Ball","Decal"
"Skin.Octane.Alebrijerocker","Octane: Linares","Decal"
"Skin.Octane.Alientheif","Octane: Abducted","Decal"
"Skin.Octane.AlpineEsports","Octane: Alpine Esports","Decal"
"Skin.Octane.Anthony","Octane: Yasuke","Decal"
"Skin.Octane.Araki","Octane: Araki","Decal"
"Skin.Octane.Argentina","Octane: Argentina","Decal"
"Skin.Octane.ArzH","Octane: Arizona Cardinals","Decal"
"Skin.Octane.AtlH","Octane: Atlanta Falcons","Decal"
"Skin.Octane.Audio","Octane: Lo Freq","Decal"
"Skin.Octane.Austria","Octane: Austria","Decal"
"Skin.Octane.AventurineLTE","Octane: Miku Rider Dark","Decal"
"Skin.Octane.AW","Octane: Shattered Fractal","Decal"
"Skin.Octane.AW2","Octane: A.W.","Decal"
"Skin.Octane.AztecSnake","Octane: Quetzalcoatl","Decal"
"Skin.Octane.Badbeats","Octane: Hakkaa","Decal"
"Skin.Octane.Ballermec","Octane: The Jet","Decal"
"Skin.Octane.Baroque","Octane: Rocket Royalty","Decal"
"Skin.Octane.Bask","Octane: Doodled","Decal"
"Skin.Octane.BdsAway","Octane: Team BDS (Away)","Decal"
"Skin.Octane.BdsHome","Octane: Team BDS (Home)","Decal"
"Skin.Octane.Beep","Octane: R2-D2","Decal"
"Skin.Octane.Belgium","Octane: Belgium","Decal"
"Skin.Octane.Blammer","Octane: POW!","Decal"
"Skin.Octane.BlueHellFire","Octane: Polarity","Decal"
"Skin.Octane.Bobtress","Octane: Bob's Rameness","Decal"
"Skin.Octane.Bouncecube","Octane: Tumbling Blocks","Decal"
"Skin.Octane.BtlH","Octane: Baltimore Ravens","Decal"
"Skin.Octane.BufH","Octane: Buffalo Bills","Decal"
"Skin.Octane.BwrLiveries","Octane: Mangaka","Decal"
"Skin.Octane.Cameroon","Octane: Cameroon","Decal"
"Skin.Octane.Camobee","Octane: Buzz Kill","Decal"
"Skin.Octane.CampesinoWarm","Octane: Ultraheat","Decal"
"Skin.Octane.Cannonballer","Octane: Cannon Baller","Decal"
"Skin.Octane.CarH","Octane: Carolina Panthers","Decal"
"Skin.Octane.Cheesy","Octane: Creamery","Decal"
"Skin.Octane.Cheeta","?INT?Product","Decal"
"Skin.Octane.Cheetah","Octane: Fee-Line","Decal"
"Skin.Octane.ChiH","Octane: Chicago Bears","Decal"
"Skin.Octane.Chillbeat","Octane: Lofi Girl","Decal"
"Skin.Octane.China","Octane: China","Decal"
"Skin.Octane.ChristmasTree","Octane: Christmas Tree","Decal"
"Skin.Octane.CinH","Octane: Cincinnati Bengals","Decal"
"Skin.Octane.Classylady","Octane: Shmeedian","Decal"
"Skin.Octane.CleH","Octane: Cleveland Browns","Decal"
"Skin.Octane.Cloud9Esports","Octane: Cloud9","Decal"
"Skin.Octane.Coloredlogo","Octane: RC Rivals","Decal"
"Skin.Octane.Comet","Octane: Agamid","Decal"
"Skin.Octane.Comix","Octane: Ripped Comic","Decal"
"Skin.Octane.Complexity024","Octane: Complexity 2024","Decal"
"Skin.Octane.ComplexityAway","Octane: Complexity (Away)","Decal"
"Skin.Octane.ComplexityEsports","Octane: Complexity","Decal"
"Skin.Octane.ComplexityHome","Octane: Complexity (Home)","Decal"
"Skin.Octane.ComplexityTC","Octane: Complexity (Home)","Decal"
"Skin.Octane.ComplexityTCA","Octane: Complexity (Away)","Decal"
"Skin.Octane.ContemplativeRabbit","Octane: Titanfruit","Decal"
"Skin.Octane.CostaRica","Octane: Costa Rica","Decal"
"Skin.Octane.Courgette01","Octane: Little Chef","Decal"
"Skin.Octane.Crowntress","Octane: Kingtress","Decal"
"Skin.Octane.Crowscare","Octane: Crowscare","Decal"
"Skin.Octane.CSBombers","Octane: Bombers","Decal"
"Skin.Octane.CSExpress","Octane: Express","Decal"
"Skin.Octane.CSKodiaks","Octane: Kodiaks","Decal"
"Skin.Octane.CSMammoths","Octane: Mammoths","Decal"
"Skin.Octane.Curve","Octane: Ovaleezy","Decal"
"Skin.Octane.Czech","Octane: Czech Republic","Decal"
"Skin.Octane.DalH","Octane: Dallas Cowboys","Decal"
"Skin.Octane.DenH","Octane: Denver Broncos","Decal"
"Skin.Octane.Denmark","Octane: Denmark","Decal"
"Skin.Octane.DetH","Octane: Detroit Lions","Decal"
"Skin.Octane.Dignitas","Octane: Dignitas (Home)","Decal"
"Skin.Octane.Dignitas024","Octane: Dignitas 2024","Decal"
"Skin.Octane.DignitasA","Octane: Dignitas (Away)","Decal"
"Skin.Octane.DignitasAway","Octane: Dignitas (Away)","Decal"
"Skin.Octane.DignitasEsports","Octane: Dignitas","Decal"
"Skin.Octane.DignitasHome","Octane: Dignitas (Home)","Decal"
"Skin.Octane.DontC","Octane: WWE John Cena","Decal"
"Skin.Octane.Dragon","Octane: Dragon Lord","Decal"
"Skin.Octane.Dragoncat","Octane: deadmau5 Decade","Decal"
"Skin.Octane.Dragoner","Octane: Dragon","Decal"
"Skin.Octane.DreamPsplus","Octane: Starscape Jr. BL","Decal"
"Skin.Octane.Dreamscape","Octane: Migraine","Decal"
"Skin.Octane.Dueling","Octane: 10dril","Decal"
"Skin.Octane.DuelingDragons","Octane: Dragonista","Decal"
"Skin.Octane.Duneracer","Octane: Dune Racer","Decal"
"Skin.Octane.Easteregger","Octane: Erratum","Decal"
"Skin.Octane.Ecuador","Octane: Ecuador","Decal"
"Skin.Octane.Edgedots","Octane: Dot Matrix","Decal"
"Skin.Octane.EdgeStar","Octane: Edge Star","Decal"
"Skin.Octane.EdgeStatic","Octane: Distortion","Decal"
"Skin.Octane.Edgy","Octane: Edgewise","Decal"
"Skin.Octane.Elevate024","Octane: Elevate 2024","Decal"
"Skin.Octane.Elgato","Octane: El Gato","Decal"
"Skin.Octane.Elin","Octane: Síganme los Buenos","Decal"
"Skin.Octane.Elp","Octane: Pelé","Decal"
"Skin.Octane.Elvesb","Octane: Fred","Decal"
"Skin.Octane.EndgameAway","Octane: EndGame (Away)","Decal"
"Skin.Octane.EndgameHome","Octane: EndGame (Home)","Decal"
"Skin.Octane.Endpoint","Octane: Team Endpoint 2024","Decal"
"Skin.Octane.Endpoint024","Octane: Endpoint 2024","Decal"
"Skin.Octane.EndpointAway","Octane: Endpoint (Away)","Decal"
"Skin.Octane.EndpointEsports","Octane: Endpoint (Home)","Decal"
"Skin.Octane.EndpointEsportsA","Octane: Endpoint (Away)","Decal"
"Skin.Octane.EndpointHome","Octane: Endpoint (Home)","Decal"
"Skin.Octane.Envy","Octane: Team Envy","Decal"
"Skin.Octane.EnvyEsports","Octane: Envy (Home)","Decal"
"Skin.Octane.EnvyEsportsA","Octane: Envy (Away)","Decal"
"Skin.Octane.Escorpio","Octane: Vertebrate","Decal"
"Skin.Octane.Esports","Octane: RLCS","Decal"
"Skin.Octane.Eunited","Octane: eUnited (Home)","Decal"
"Skin.Octane.EunitedA","Octane: eUnited (Away)","Decal"
"Skin.Octane.EunitedEsports","Octane: eUnited","Decal"
"Skin.Octane.EvilGeniuses","Octane: Evil Geniuses (Home)","Decal"
"Skin.Octane.EvilgeniusesA","Octane: Evil Geniuses (Away)","Decal"
"Skin.Octane.EvilgeniusesAway","Octane: Evil Geniuses (Away)","Decal"
"Skin.Octane.EvilgeniusesEsports","Octane: Evil Geniuses","Decal"
"Skin.Octane.EvilgeniusesHome","Octane: Evil Geniuses (Home)","Decal"
"Skin.Octane.EvilOrnament","Octane: Stormtrooper","Decal"
"Skin.Octane.Fazeclan","Octane: FaZe Clan (Home)","Decal"
"Skin.Octane.FazeClanA","Octane: FaZe Clan (Away)","Decal"
"Skin.Octane.FazeclanAway","Octane: FaZe Clan (Away)","Decal"
"Skin.Octane.FaZeClanHome","Octane: FaZe Clan (Home)","Decal"
"Skin.Octane.FBarz","Octane: Arizona Cardinals","Decal"
"Skin.Octane.FBatl","Octane: Atlanta Falcons","Decal"
"Skin.Octane.FBbal","Octane: Baltimore Ravens","Decal"
"Skin.Octane.Fbbnw","Octane: NFL Referee","Decal"
"Skin.Octane.FBbuf","Octane: Buffalo Bills","Decal"
"Skin.Octane.FBcar","Octane: Carolina Panthers","Decal"
"Skin.Octane.FBchi","Octane: Chicago Bears","Decal"
"Skin.Octane.FBcin","Octane: Cincinnati Bengals","Decal"
"Skin.Octane.FBcle","Octane: Cleveland Browns","Decal"
"Skin.Octane.FBdal","Octane: Dallas Cowboys","Decal"
"Skin.Octane.FBden","Octane: Denver Broncos","Decal"
"Skin.Octane.FBdet","Octane: Detroit Lions","Decal"
"Skin.Octane.FBgb","Octane: Green Bay Packers","Decal"
"Skin.Octane.FBhou","Octane: Houston Texans","Decal"
"Skin.Octane.FBind","Octane: Indianapolis Colts","Decal"
"Skin.Octane.FBjax","Octane: Jacksonville Jaguars","Decal"
"Skin.Octane.FBkc","Octane: Kansas City Chiefs","Decal"
"Skin.Octane.FBlac","Octane: Los Angeles Chargers","Decal"
"Skin.Octane.FBlar","Octane: Los Angeles Rams","Decal"
"Skin.Octane.FBlas","Octane: Las Vegas Raiders","Decal"
"Skin.Octane.FBmia","Octane: Miami Dolphins","Decal"
"Skin.Octane.FBmin","Octane: Minnesota Vikings","Decal"
"Skin.Octane.FBne","Octane: New England Patriots","Decal"
"Skin.Octane.FBno","Octane: New Orleans Saints","Decal"
"Skin.Octane.FBnyg","Octane: New York Giants","Decal"
"Skin.Octane.FBnyj","Octane: New York Jets","Decal"
"Skin.Octane.FBphi","Octane: Philadelphia Eagles","Decal"
"Skin.Octane.FBpit","Octane: Pittsburgh Steelers","Decal"
"Skin.Octane.FBsan","Octane: San Francisco 49ers","Decal"
"Skin.Octane.FBsea","Octane: Seattle Seahawks","Decal"
"Skin.Octane.FBtb","Octane: Tampa Bay Buccaneers","Decal"
"Skin.Octane.FBten","Octane: Tennessee Titans","Decal"
"Skin.Octane.FBwas","Octane: Washington Football Team","Decal"
"Skin.Octane.FBwas22","Octane: Washington Commanders","Decal"
"Skin.Octane.Fcacm","Octane: AC Milan (PUMA x KOCHÉ)","Decal"
"Skin.Octane.FeralCat","Octane: Bodacious","Decal"
"Skin.Octane.Finland","Octane: Finland","Decal"
"Skin.Octane.Firespirit","Octane: Chantico","Decal"
"Skin.Octane.Flair","Flair","Decal"
"Skin.Octane.Flames","Octane: Flames","Decal"
"Skin.Octane.Flametress","Octane: Flametress","Decal"
"Skin.Octane.FNLP","Octane: Loot Llama","Decal"
"Skin.Octane.Freepin","Octane: Air Jordan 11 ""Gratitude""","Decal"
"Skin.Octane.Frosted","Octane: Ombre","Decal"
"Skin.Octane.FrosterFG","Octane: Cluster Buster","Decal"
"Skin.Octane.FrostEx","Octane: X Games","Decal"
"Skin.Octane.Frostique","Octane: Linx","Decal"
"Skin.Octane.Furia","Octane: Furia (Home)","Decal"
"Skin.Octane.Furia024","Octane: Furia 2024","Decal"
"Skin.Octane.FuriaA","Octane: Furia (Away)","Decal"
"Skin.Octane.FuriaAway","Octane: Furia (Away)","Decal"
"Skin.Octane.FuriaHome","Octane: Furia (Home)","Decal"
"Skin.Octane.Futurerascal","Octane: Vaporwave","Decal"
"Skin.Octane.G2","Octane: G2 Esports (Home)","Decal"
"Skin.Octane.G2024","Octane: G2 Esports 2024","Decal"
"Skin.Octane.G2A","Octane: G2 Esports (Away)","Decal"
"Skin.Octane.G2Esports","Octane: G2 Esports","Decal"
"Skin.Octane.G2EsportsAway","Octane: G2 Esports (Away)","Decal"
"Skin.Octane.G2esportsHome","Octane: G2 Esports (Home)","Decal"
"Skin.Octane.Galefire","Octane: Gale-Fire","Decal"
"Skin.Octane.GalefirePSplus","Octane: GB Gale-Fire","Decal"
"Skin.Octane.GbH","Octane: Green Bay Packers","Decal"
"Skin.Octane.Gdbee","Octane: Sunniya","Decal"
"Skin.Octane.Geng024","Octane: Gen.G 2024","Decal"
"Skin.Octane.GengAway","Octane: Gen.G (Away)","Decal"
"Skin.Octane.GengHome","Octane: Gen.G (Home)","Decal"
"Skin.Octane.Gentlemates024","Octane: Gentle Mates 2024","Decal"
"Skin.Octane.Geometric","Octane: GeoMatrix","Decal"
"Skin.Octane.Germany","Octane: Germany","Decal"
"Skin.Octane.Ghana","Octane: Ghana","Decal"
"Skin.Octane.GherkinLTE","Octane: Cheesy Poofs","Decal"
"Skin.Octane.Ghost","Octane: Ghost Gaming (Home)","Decal"
"Skin.Octane.GhostA","Octane: Ghost Gaming (Away)","Decal"
"Skin.Octane.GhostAway","Octane: Ghost Gaming (Away)","Decal"
"Skin.Octane.GhostEsports","Octane: Ghost Gaming","Decal"
"Skin.Octane.GhostHome","Octane: Ghost Gaming (Home)","Decal"
"Skin.Octane.Giants","Octane: Giants (Home)","Decal"
"Skin.Octane.GiantsA","Octane: Giants (Away)","Decal"
"Skin.Octane.GNSD","Octane: The Goonies","Decal"
"Skin.Octane.Graffiti","Octane: Saverage","Decal"
"Skin.Octane.GrillerKiller","Octane: Killer Griller","Decal"
"Skin.Octane.Grincher","Octane: Naughty List","Decal"
"Skin.Octane.GroundZero","Octane: Ground Zero Gaming (Home)","Decal"
"Skin.Octane.Groundzero024","Octane: Ground Zero Gaming 2024","Decal"
"Skin.Octane.GroundZeroA","Octane: Ground Zero Gaming (Away)","Decal"
"Skin.Octane.GroundzeroAway","Octane: Ground Zero Gaming (Away)","Decal"
"Skin.Octane.GroundzeroHome","Octane: Ground Zero Gaming (Home)","Decal"
"Skin.Octane.Guild","Octane: Guild","Decal"
"Skin.Octane.GuildAway","Octane: Guild (Away)","Decal"
"Skin.Octane.GuildEsports","Octane: Guild (Home)","Decal"
"Skin.Octane.GuildEsportsA","Octane: Guild (Away)","Decal"
"Skin.Octane.GuildHome","Octane: Guild (Home)","Decal"
"Skin.Octane.Hallowed","Octane: Reviver","Decal"
"Skin.Octane.HallowedPSplus","Octane: PG Reviver","Decal"
"Skin.Octane.Halloween","Octane: Thanatos","Decal"
"Skin.Octane.Halloweenscream","Octane: The Shrieker","Decal"
"Skin.Octane.Healer","Octane: Refractor","Decal"
"Skin.Octane.HHBanjoLTE01","Octane: Scooby Speed","Decal"
"Skin.Octane.Hhdoll","Octane: Chucky Doll","Decal"
"Skin.Octane.Hioctane","Octane: MG-88","Decal"
"Skin.Octane.HouH","Octane: Houston Texans","Decal"
"Skin.Octane.Houser","Octane: Housed","Decal"
"Skin.Octane.HT","Octane: Jack Skellington","Decal"
"Skin.Octane.Hunt88","Octane: MG-88 Huntress","Decal"
"Skin.Octane.Huntress","Octane: Huntress","Decal"
"Skin.Octane.Iceburg","Octane: Aang","Decal"
"Skin.Octane.ImpossbleCube","Octane: Conundrum","Decal"
"Skin.Octane.Impossiblecube","Octane: Conundrum","Decal"
"Skin.Octane.IndH","Octane: Indianapolis Colts","Decal"
"Skin.Octane.Iran","Octane: Iran","Decal"
"Skin.Octane.Italy","Octane: Italy","Decal"
"Skin.Octane.Jackoriver","Octane: Jacktide","Decal"
"Skin.Octane.Japan","Octane: Japan","Decal"
"Skin.Octane.JaxH","Octane: Jacksonville Jaguars","Decal"
"Skin.Octane.Jetset2","Octane: INSPECTION","Decal"
"Skin.Octane.KarmineCorp","Octane: Karmine Corp (Home)","Decal"
"Skin.Octane.Karminecorp024","Octane: Karmine Corp 2024","Decal"
"Skin.Octane.KarmineCorpA","Octane: Karmine Corp (Away)","Decal"
"Skin.Octane.KarminecorpAway","Octane: Karmine Corp (Away)","Decal"
"Skin.Octane.KarminecorpHome","Octane: Karmine Corp (Home)","Decal"
"Skin.Octane.KcH","Octane: Kansas City Chiefs","Decal"
"Skin.Octane.Ketchup","Octane: Tribalistic","Decal"
"Skin.Octane.KillerSnowflake","Octane: Sleet Creeps","Decal"
"Skin.Octane.Kitty01","Octane: PUMA Boost","Decal"
"Skin.Octane.Kitty02","Octane: PUMA RS-X","Decal"
"Skin.Octane.Kitty03","Octane: PUMA High-Octane","Decal"
"Skin.Octane.Kitty04","Octane: PUMA Palermo","Decal"
"Skin.Octane.Kkck","Octane: Cobra Kai","Decal"
"Skin.Octane.Kkhun","Octane: Kaskade","Decal"
"Skin.Octane.Kongo","Octane: Island King","Decal"
"Skin.Octane.Kru024","Octane: KRÜ 2024","Decal"
"Skin.Octane.Krush","Octane: Krush","Decal"
"Skin.Octane.LacH","Octane: Los Angeles Chargers","Decal"
"Skin.Octane.LarH","Octane: Los Angeles Rams","Decal"
"Skin.Octane.LasH","Octane: Las Vegas Raiders","Decal"
"Skin.Octane.Lava","Octane: Darth Maul","Decal"
"Skin.Octane.LD","Octane: Landon Donovan","Decal"
"Skin.Octane.LDJ","Octane: Yonder's Fleece","Decal"
"Skin.Octane.Leaves","Octane: Kelper","Decal"
"Skin.Octane.Lenderman","Octane: Chromagic","Decal"
"Skin.Octane.Lightning","Octane: Lightning","Decal"
"Skin.Octane.Lightningskull","Octane: Kilowatt","Decal"
"Skin.Octane.Lightzag","Octane: ZapTrap","Decal"
"Skin.Octane.Limitless024","Octane: Limitless 2024","Decal"
"Skin.Octane.LiquidEsports","Octane: Team Liquid","Decal"
"Skin.Octane.Lowrider","Octane: Block-Rock","Decal"
"Skin.Octane.Luminosity024","Octane: Luminosity 2024","Decal"
"Skin.Octane.LuminosityAway","Octane: Luminosity (Away)","Decal"
"Skin.Octane.LuminosityHome","Octane: Luminosity (Home)","Decal"
"Skin.Octane.LuminousAirplane01","Octane: Air Jordan 1","Decal"
"Skin.Octane.LuminousAirplaneLTE01","Octane: Jordan Joga Sinistro","Decal"
"Skin.Octane.M80024","Octane: M80 2024","Decal"
"Skin.Octane.Madking","Octane: Royal Tyrant","Decal"
"Skin.Octane.Mangapanel","Octane: Saikou Strawberry","Decal"
"Skin.Octane.Mayan","Octane: Amikoo","Decal"
"Skin.Octane.Maze","Octane: Mazer","Decal"
"Skin.Octane.Mexico","Octane: Mexico","Decal"
"Skin.Octane.MiaH","Octane: Miami Dolphins","Decal"
"Skin.Octane.Min","Octane: Heavy Feather","Decal"
"Skin.Octane.MinH","Octane: Minnesota Vikings","Decal"
"Skin.Octane.MinLine","Octane: Slimline","Decal"
"Skin.Octane.MisfitsTc","Octane: Misfits Gaming (Home)","Decal"
"Skin.Octane.MisfitsTcA","Octane: Misfits Gaming (Away)","Decal"
"Skin.Octane.ModernArtGraffiti01","Octane: Chanoir","Decal"
"Skin.Octane.ModernArtGraffiti02","Octane: Hello My Name Is Brainwash","Decal"
"Skin.Octane.MoistAway","Octane: Moist Esports (Away)","Decal"
"Skin.Octane.Moistesports024","Octane: Moist Esports 2024","Decal"
"Skin.Octane.MoistHome","Octane: Moist Esports (Home)","Decal"
"Skin.Octane.MonsterDance","Octane: Creature Feature","Decal"
"Skin.Octane.Morocco","Octane: Morocco","Decal"
"Skin.Octane.Mothman","Octane: Mothman","Decal"
"Skin.Octane.MousesportsEsports","Octane: Mousesports","Decal"
"Skin.Octane.Murk","Octane: Merc with a Motor","Decal"
"Skin.Octane.Nailsdid","Octane: Longclaw","Decal"
"Skin.Octane.Nasr","Octane: NASCAR","Decal"
"Skin.Octane.NeH","Octane: New England Patriots","Decal"
"Skin.Octane.Neon","Octane: Auto Aura","Decal"
"Skin.Octane.Ngu","Octane: Nike Air Zoom Mercurial – Yellow","Decal"
"Skin.Octane.Niceshot","Octane: Nice Shot","Decal"
"Skin.Octane.Nip024","Octane: Ninjas In Pyjamas 2024","Decal"
"Skin.Octane.NM","Octane: Nike Air Zoom Mercurial - Copper","Decal"
"Skin.Octane.NME","Octane: Nike Air Zoom Mercurial - CR7","Decal"
"Skin.Octane.NMKM","?INT?Product","Decal"
"Skin.Octane.NML","Octane: Nike Air Zoom Mercurial - Pink","Decal"
"Skin.Octane.NMRCSF","Octane: Nike FC 2022 - Multicolor","Decal"
"Skin.Octane.NoH","Octane: New Orleans Saints","Decal"
"Skin.Octane.Noooo","Octane: Noooo!","Decal"
"Skin.Octane.Northern","Octane: CRL Northern","Decal"
"Skin.Octane.Norway","Octane: Norway","Decal"
"Skin.Octane.Npcity","Octane: Bombers (City Slam)","Decal"
"Skin.Octane.Npcity2","Octane: Express (City Slam)","Decal"
"Skin.Octane.Nrg024","Octane: NRG 2024","Decal"
"Skin.Octane.NrgAway","Octane: NRG (Away)","Decal"
"Skin.Octane.NrgEsports","Octane: NRG","Decal"
"Skin.Octane.NRGHome","Octane: NRG (Home)","Decal"
"Skin.Octane.NRGSeason8Esports","Octane: NRG","Decal"
"Skin.Octane.NRGTC","Octane: NRG (Home)","Decal"
"Skin.Octane.NRGTCA","Octane: NRG (Away)","Decal"
"Skin.Octane.Nse","Octane: Nike Air Zoom Mercurial - Green","Decal"
"Skin.Octane.NwcAustralia","Octane: Australia (Nike)","Decal"
"Skin.Octane.NwcBrazil","Octane: Brazil (Nike)","Decal"
"Skin.Octane.NwcCanada","Octane: Canada (Nike)","Decal"
"Skin.Octane.NwcCroatia","Octane: Croatia (Nike)","Decal"
"Skin.Octane.NwcEngland","Octane: England (Nike)","Decal"
"Skin.Octane.NwcFrance","Octane: France (Nike)","Decal"
"Skin.Octane.NwcKorea","Octane: Korea Republic (Nike)","Decal"
"Skin.Octane.NwcNetherlands","Octane: Netherlands (Nike)","Decal"
"Skin.Octane.NwcNewzealand","Octane: New Zealand (Nike)","Decal"
"Skin.Octane.NwcNigeria","Octane: Nigeria (Nike)","Decal"
"Skin.Octane.NwcPoland","Octane: Poland (Nike)","Decal"
"Skin.Octane.NwcPortugal","Octane: Portugal (Nike)","Decal"
"Skin.Octane.NwcQatar","Octane: Qatar (Nike)","Decal"
"Skin.Octane.NwcTurkey","Octane: Turkey (Nike)","Decal"
"Skin.Octane.NygH","Octane: New York Giants","Decal"
"Skin.Octane.NyjH","Octane: New York Jets","Decal"
"Skin.Octane.OctaneWavves","Octane: Whitecap","Decal"
"Skin.Octane.Og024","Octane: OG 2024","Decal"
"Skin.Octane.Oldmaze","Octane: Bleep-Bleep","Decal"
"Skin.Octane.Omens","Octane: Martian Wind","Decal"
"Skin.Octane.OpticgamingAway","Octane: OpTic Gaming (Away)","Decal"
"Skin.Octane.OpticgamingHome","Octane: OpTic Gaming (Home)","Decal"
"Skin.Octane.OpticOrangeLTE01","Octane: Sora","Decal"
"Skin.Octane.Orbit","Octane: Orbital","Decal"
"Skin.Octane.Oxygen","Octane: Oxygen Esports","Decal"
"Skin.Octane.Oxygen024","Octane: Oxygen Esports 2024","Decal"
"Skin.Octane.OxygenAway","Octane: Oxygen Esports (Away)","Decal"
"Skin.Octane.OxygenHome","Octane: Oxygen Esports (Home)","Decal"
"Skin.Octane.Panellines","Octane: Metarudia","Decal"
"Skin.Octane.Pavement","Octane: Oozy","Decal"
"Skin.Octane.PebbleShrineNavigators","Octane: C-Weed","Decal"
"Skin.Octane.PhiH","Octane: Philadelphia Eagles","Decal"
"Skin.Octane.Pinatamonster","Octane: Piñata Monster","Decal"
"Skin.Octane.Pioneers024","Octane: KC Pioneers 2024","Decal"
"Skin.Octane.PioneersAway","Octane: KC Pioneers (Away)","Decal"
"Skin.Octane.PioneersHome","Octane: KC Pioneers (Home)","Decal"
"Skin.Octane.PitH","Octane: Pittsburgh Steelers","Decal"
"Skin.Octane.PittsburghKnights","Octane: KC Pioneers (Home)","Decal"
"Skin.Octane.PittsburghKnightsA","Octane: KC Pioneers (Away)","Decal"
"Skin.Octane.PittsburghknightsEsports","Octane: Pittsburgh Knights","Decal"
"Skin.Octane.Pod","Octane: Anakin's Podracer","Decal"
"Skin.Octane.PsgEsports","Octane: PSG Esports","Decal"
"Skin.Octane.PWR","Octane: PWR (Home)","Decal"
"Skin.Octane.PWR024","Octane: PWR 2024","Decal"
"Skin.Octane.PWRA","Octane: PWR (Away)","Decal"
"Skin.Octane.PWRAway","Octane: PWR (Away)","Decal"
"Skin.Octane.PWRHome","Octane: PWR (Home)","Decal"
"Skin.Octane.QuadrantAway","Octane: Quadrant (Away)","Decal"
"Skin.Octane.QuadrantHome","Octane: Quadrant (Home)","Decal"
"Skin.Octane.QuadsColor","Octane: Wrapstar","Decal"
"Skin.Octane.QuadsSE","Octane: Wrapstar: Remixed","Decal"
"Skin.Octane.Queso","Octane: Team Queso (Home)","Decal"
"Skin.Octane.QuesoA","Octane: Team Queso (Away)","Decal"
"Skin.Octane.Racer","Octane: Racer","Decal"
"Skin.Octane.Rc","?INT?Product","Decal"
"Skin.Octane.Reaper","Octane: Reaper","Decal"
"Skin.Octane.Rebellion024","Octane: Rebellion 2024","Decal"
"Skin.Octane.ReciprocityEsports","Octane: Reciprocity","Decal"
"Skin.Octane.Renegades","Octane: Renegades (Home)","Decal"
"Skin.Octane.RenegadesA","Octane: Renegades (Away)","Decal"
"Skin.Octane.Resolve024","Octane: Resolve 2024","Decal"
"Skin.Octane.Ringer002","Octane: Wolverine","Decal"
"Skin.Octane.Ringer006","Octane: Jubilee","Decal"
"Skin.Octane.Rix","Octane: Rix.GG (Home)","Decal"
"Skin.Octane.RixA","Octane: Rix.GG (Away)","Decal"
"Skin.Octane.RLES","Octane: RL Esports","Decal"
"Skin.Octane.RLES22","Octane: RL Esports 2022","Decal"
"Skin.Octane.Roadkill","Octane: Roadkill","Decal"
"Skin.Octane.Rodo","Octane: Nike Mercurial - R9","Decal"
"Skin.Octane.Rogue","Octane: Rogue (Home)","Decal"
"Skin.Octane.RogueA","Octane: Rogue (Away)","Decal"
"Skin.Octane.RogueAway","Octane: Rogue (Away)","Decal"
"Skin.Octane.RogueEsports","Octane: Rogue","Decal"
"Skin.Octane.RogueHome","Octane: Rogue (Home)","Decal"
"Skin.Octane.Rr","Octane: WWE Roman Reigns","Decal"
"Skin.Octane.Ruleone024","Octane: Rule One 2024","Decal"
"Skin.Octane.S20RocketPass","Octane: Roadie","Decal"
"Skin.Octane.S23RLCS01","Blue Chip","Decal"
"Skin.Octane.Sakura","Octane: Serene Sakura","Decal"
"Skin.Octane.SamTrT","Octane: Sam's Trick","Decal"
"Skin.Octane.SarpStripe","Octane: SARP Stripe","Decal"
"Skin.Octane.SaudiArabia","Octane: Saudi Arabia","Decal"
"Skin.Octane.Screamingdemon","Octane: Yaojing","Decal"
"Skin.Octane.Sdl","Octane: San Diego Loyal (Siempre Leal)","Decal"
"Skin.Octane.Sdl2","Octane: San Diego Loyal (Home)","Decal"
"Skin.Octane.Sdl3","Octane: San Diego Loyal (Away)","Decal"
"Skin.Octane.Sdl4","Octane: San Diego Loyal (Special Edition)","Decal"
"Skin.Octane.SeaH","Octane: Seattle Seahawks","Decal"
"Skin.Octane.Semperesports","Octane: SMPR Esports (Home)","Decal"
"Skin.Octane.SemperEsportsA","Octane: SMPR Esports (Away)","Decal"
"Skin.Octane.Senegal","Octane: Senegal","Decal"
"Skin.Octane.Serbia","Octane: Serbia","Decal"
"Skin.Octane.SfH","Octane: San Francisco 49ers","Decal"
"Skin.Octane.Sharkbite","Octane: Lockjaw","Decal"
"Skin.Octane.Sharpstripe","Octane: Sharp Stripe","Decal"
"Skin.Octane.Shimmery","Octane: Swayzee","Decal"
"Skin.Octane.Shopifyrebellion","Octane: Rebellion (Home)","Decal"
"Skin.Octane.ShopifyrebellionA","Octane: Rebellion (Away)","Decal"
"Skin.Octane.Singularity","Octane: Team Singularity (Home)","Decal"
"Skin.Octane.SingularityA","Octane: Team Singularity (Away)","Decal"
"Skin.Octane.SkAftermarket","Octane: Krew Supreme","Decal"
"Skin.Octane.Skater","Octane: CheckWreck","Decal"
"Skin.Octane.Skgaming","Octane: SK Gaming (Home)","Decal"
"Skin.Octane.SKGamingA","Octane: SK Gaming (Away)","Decal"
"Skin.Octane.Sknight","Octane: Griffon","Decal"
"Skin.Octane.Skulls","Octane: Skulls","Decal"
"Skin.Octane.Slayer","Octane: Dragon Slayer","Decal"
"Skin.Octane.SM","Octane: Superman","Decal"
"Skin.Octane.SnakeSkin","Octane: Snakeskin","Decal"
"Skin.Octane.Snowmansland","Octane: Sweater Fest","Decal"
"Skin.Octane.SnowyPeaks","Octane: Mountaintop","Decal"
"Skin.Octane.Sob","Octane: GRIMES","Decal"
"Skin.Octane.Solary","Octane: Solary","Decal"
"Skin.Octane.Solary024","Octane: Solary 2024","Decal"
"Skin.Octane.SolaryAway","Octane: Solary (Away)","Decal"
"Skin.Octane.SolaryEsports","Octane: Solary (Home)","Decal"
"Skin.Octane.SolaryEsportsA","Octane: Solary (Away)","Decal"
"Skin.Octane.SolaryHome","Octane: Solary (Home)","Decal"
"Skin.Octane.Soniqs","Octane: Susquehanna Soniqs (Home)","Decal"
"Skin.Octane.SoniqsA","Octane: Susquehanna Soniqs (Away)","Decal"
"Skin.Octane.SoniqsAway","Octane: Susquehanna Soniqs (Away)","Decal"
"Skin.Octane.SoniqsEsports","Octane: Susquehanna Soniqs","Decal"
"Skin.Octane.Soniqshome","Octane: Susquehanna Soniqs (Home)","Decal"
"Skin.Octane.Spacemant","Octane: Space Cadet","Decal"
"Skin.Octane.Spacestation024","Octane: Spacestation Gaming 2024","Decal"
"Skin.Octane.SpacestationAway","Octane: Spacestation Gaming (Away)","Decal"
"Skin.Octane.Spacestationgaming","Octane: Spacestation Gaming (Home)","Decal"
"Skin.Octane.SpacestationgamingA","Octane: Spacestation Gaming (Away)","Decal"
"Skin.Octane.SpacestationgamingEsports","Octane: Spacestation Gaming","Decal"
"Skin.Octane.SpacestationHome","Octane: Spacestation Gaming (Home)","Decal"
"Skin.Octane.Spain","Octane: Spain","Decal"
"Skin.Octane.Spartan01","Octane: Boba Fett","Decal"
"Skin.Octane.Spartan02","Octane: Bo-Katan Kryze","Decal"
"Skin.Octane.Speedlines","Octane: Tenured","Decal"
"Skin.Octane.SphereGulp01","Octane: Mexico","Decal"
"Skin.Octane.SphereGulp02","Octane: South Africa","Decal"
"Skin.Octane.SphereGulp03","Octane: Korea Republic","Decal"
"Skin.Octane.SphereGulp04","Octane: Czechia","Decal"
"Skin.Octane.SphereGulp05","Octane: Canada","Decal"
"Skin.Octane.SphereGulp06","Octane: Qatar","Decal"
"Skin.Octane.SphereGulp07","Octane: Switzerland","Decal"
"Skin.Octane.SphereGulp08","Octane: Bosnia and Herzegovina","Decal"
"Skin.Octane.SphereGulp09","Octane: Brazil","Decal"
"Skin.Octane.SphereGulp10","Octane: Morocco","Decal"
"Skin.Octane.SphereGulp11","Octane: Haiti","Decal"
"Skin.Octane.SphereGulp12","Octane: Scotland","Decal"
"Skin.Octane.SphereGulp13","Octane: USA","Decal"
"Skin.Octane.SphereGulp14","Octane: Paraguay","Decal"
"Skin.Octane.SphereGulp15","Octane: Australia","Decal"
"Skin.Octane.SphereGulp16","Octane: Türkiye","Decal"
"Skin.Octane.SphereGulp17","Octane: Germany","Decal"
"Skin.Octane.SphereGulp18","Octane: Curaçao","Decal"
"Skin.Octane.SphereGulp19","Octane: Côte d'Ivoire","Decal"
"Skin.Octane.SphereGulp20","Octane: Ecuador","Decal"
"Skin.Octane.SphereGulp21","Octane: Netherlands","Decal"
"Skin.Octane.SphereGulp22","Octane: Japan","Decal"
"Skin.Octane.SphereGulp23","Octane: Tunisia","Decal"
"Skin.Octane.SphereGulp24","Octane: Sweden","Decal"
"Skin.Octane.SphereGulp25","Octane: Belgium","Decal"
"Skin.Octane.SphereGulp26","Octane: Egypt","Decal"
"Skin.Octane.SphereGulp27","Octane: Iran","Decal"
"Skin.Octane.SphereGulp28","Octane: New Zealand","Decal"
"Skin.Octane.SphereGulp29","Octane: Spain","Decal"
"Skin.Octane.SphereGulp30","Octane: Cabo Verde","Decal"
"Skin.Octane.SphereGulp31","Octane: Saudi Arabia","Decal"
"Skin.Octane.SphereGulp32","Octane: Uruguay","Decal"
"Skin.Octane.SphereGulp33","Octane: Iraq","Decal"
"Skin.Octane.SphereGulp34","Octane: France","Decal"
"Skin.Octane.SphereGulp35","Octane: Senegal","Decal"
"Skin.Octane.SphereGulp36","Octane: Norway","Decal"
"Skin.Octane.SphereGulp37","Octane: Argentina","Decal"
"Skin.Octane.SphereGulp38","Octane: Algeria","Decal"
"Skin.Octane.SphereGulp39","Octane: Austria","Decal"
"Skin.Octane.SphereGulp40","Octane: Jordan","Decal"
"Skin.Octane.SphereGulp41","Octane: Congo DR","Decal"
"Skin.Octane.SphereGulp42","Octane: Portugal","Decal"
"Skin.Octane.SphereGulp43","Octane: Uzbekistan","Decal"
"Skin.Octane.SphereGulp44","Octane: Colombia","Decal"
"Skin.Octane.SphereGulp45","Octane: England","Decal"
"Skin.Octane.SphereGulp46","Octane: Croatia","Decal"
"Skin.Octane.SphereGulp47","Octane: Ghana","Decal"
"Skin.Octane.SphereGulp48","Octane: Panama","Decal"
"Skin.Octane.Spirit","Octane: Shisa","Decal"
"Skin.Octane.SplyceEsports","Octane: Splyce","Decal"
"Skin.Octane.Springy","Octane: Springtide","Decal"
"Skin.Octane.Stars","Octane: Stars","Decal"
"Skin.Octane.StealthTraveler","Octane: Razortooth","Decal"
"Skin.Octane.Stickerbomb","Octane: Sticker Bomb","Decal"
"Skin.Octane.Sticky01","Octane: Spider-Punk","Decal"
"Skin.Octane.Sticky02","Octane: Classic Spider-Man","Decal"
"Skin.Octane.Sticky03","Octane: Scarlet Spider","Decal"
"Skin.Octane.Sticky04","Octane: Spider-Gwen","Decal"
"Skin.Octane.Streetress","Octane: Songstress","Decal"
"Skin.Octane.Stripes","Octane: Stripes","Decal"
"Skin.Octane.Stylee","Octane: Styler","Decal"
"Skin.Octane.Sugar","Octane: Booyah","Decal"
"Skin.Octane.Sweden","Octane: Sweden","Decal"
"Skin.Octane.Switzerland","Octane: Switzerland","Decal"
"Skin.Octane.SZ","Octane: Shazam!","Decal"
"Skin.Octane.Taj","Octane: Parallel","Decal"
"Skin.Octane.TbH","Octane: Tampa Bay Buccaneers","Decal"
"Skin.Octane.TeamBDS","Octane: Team BDS","Decal"
"Skin.Octane.Teambds024","Octane: Team BDS 2024","Decal"
"Skin.Octane.TeambdsEsports","Octane: Team BDS (Home)","Decal"
"Skin.Octane.TeambdsEsportsA","Octane: Team BDS (Away)","Decal"
"Skin.Octane.Teamfalcons024","Octane: Team Falcons 2024","Decal"
"Skin.Octane.TeamfalconsAway","Octane: Team Falcons (Away)","Decal"
"Skin.Octane.TeamfalconsHome","Octane: Team Falcons (Home)","Decal"
"Skin.Octane.Teamliquid","Octane: Team Liquid (Home)","Decal"
"Skin.Octane.TeamliquidA","Octane: Team Liquid (Away)","Decal"
"Skin.Octane.TeamliquidAway","Octane: Team Liquid (Away)","Decal"
"Skin.Octane.TeamLiquidHome","Octane: Team Liquid (Home)","Decal"
"Skin.Octane.Teamsecret024","Octane: Team Secret 2024","Decal"
"Skin.Octane.TeamsecretAway","Octane: Team Secret (Away)","Decal"
"Skin.Octane.TeamsecretHome","Octane: Team Secret (Home)","Decal"
"Skin.Octane.Teamvitality024","Octane: Team Vitality 2024","Decal"
"Skin.Octane.TeamvitalityAway","Octane: Team Vitality (Away)","Decal"
"Skin.Octane.TeamvitalityHome","Octane: Team Vitality (Home)","Decal"
"Skin.Octane.Tech","Octane: Tech","Decal"
"Skin.Octane.Techarrows","Octane: Vector","Decal"
"Skin.Octane.Tenh","Octane: Tennessee Titans","Decal"
"Skin.Octane.Tentacles","Octane: Deep Challenger","Decal"
"Skin.Octane.TFR","Octane: RLCS 22-23 Spring Major","Decal"
"Skin.Octane.Thornbrow","Octane: RLCS X","Decal"
"Skin.Octane.ThornbrowAnim","Octane: RLCS 2021-22","Decal"
"Skin.Octane.Thunder01","Octane: Argentina (adidas)","Decal"
"Skin.Octane.Thunder02","Octane: Belgium (adidas)","Decal"
"Skin.Octane.Thunder03","Octane: Chile (adidas)","Decal"
"Skin.Octane.Thunder04","Octane: Colombia (adidas)","Decal"
"Skin.Octane.Thunder06","Octane: Costa Rica (adidas)","Decal"
"Skin.Octane.Thunder08","Octane: Germany (adidas)","Decal"
"Skin.Octane.Thunder09","Octane: Hungary (adidas)","Decal"
"Skin.Octane.Thunder10","Octane: Italy (adidas)","Decal"
"Skin.Octane.Thunder11","Octane: Jamaica (adidas)","Decal"
"Skin.Octane.Thunder12","Octane: Mexico (adidas)","Decal"
"Skin.Octane.Thunder13","Octane: Peru (adidas)","Decal"
"Skin.Octane.Thunder14","Octane: Scotland (adidas)","Decal"
"Skin.Octane.Thunder15","Octane: Spain (adidas)","Decal"
"Skin.Octane.Thunder16","Octane: Venezuela (adidas)","Decal"
"Skin.Octane.Thunder17","Octane: Wales (adidas)","Decal"
"Skin.Octane.Thunder18","Octane: adidas - Predator","Decal"
"Skin.Octane.Tigerstripes","Octane: Tyger","Decal"
"Skin.Octane.Torrent","Octane: Torrent (Home)","Decal"
"Skin.Octane.TorrentA","Octane: Torrent (Away)","Decal"
"Skin.Octane.TrickorTreat","Octane: Trick or Treat","Decal"
"Skin.Octane.Trueneutral","Octane: True Neutral (Home)","Decal"
"Skin.Octane.TrueNeutralA","Octane: True Neutral (Away)","Decal"
"Skin.Octane.tsm024","Octane: TSM 2024","Decal"
"Skin.Octane.TSMesports","Octane: TSM","Decal"
"Skin.Octane.Tsunami","Octane: Anthrophobe","Decal"
"Skin.Octane.TundraAway","Octane: Tundra Esports (Away)","Decal"
"Skin.Octane.TundraHome","Octane: Tundra Esports (Home)","Decal"
"Skin.Octane.Tunisia","Octane: Tunisia","Decal"
"Skin.Octane.TuttiFruiti","Octane: Demonio","Decal"
"Skin.Octane.Tux10","Octane: Anniversary Formal","Decal"
"Skin.Octane.TuxBW","Octane: Fancy Formal","Decal"
"Skin.Octane.Ukraine","Octane: Ukraine","Decal"
"Skin.Octane.UmbraGenesislte01","Octane: Persona 5 Royal","Decal"
"Skin.Octane.Uruguay","Octane: Uruguay","Decal"
"Skin.Octane.USA","Octane: USA","Decal"
"Skin.Octane.UW","Octane: Ultimate Warrior","Decal"
"Skin.Octane.V1Away","Octane: Version1 (Away)","Decal"
"Skin.Octane.V1Home","Octane: Version1 (Home)","Decal"
"Skin.Octane.Valkyrie","Octane: Hyper Huntress","Decal"
"Skin.Octane.VeloceEsports","Octane: Veloce","Decal"
"Skin.Octane.Venustrapper","Octane: Venus Trapper","Decal"
"Skin.Octane.VenusTrapperr","Octane: Venus Trapper","Decal"
"Skin.Octane.Version1","Octane: Version1 (Home)","Decal"
"Skin.Octane.Version1A","Octane: Version1 (Away)","Decal"
"Skin.Octane.Virtuspro024","Octane: Virtus.pro 2024","Decal"
"Skin.Octane.Vitality","Octane: Team Vitality (Home)","Decal"
"Skin.Octane.VitalityA","Octane: Team Vitality (Away)","Decal"
"Skin.Octane.VitalityEsports","Octane: Team Vitality","Decal"
"Skin.Octane.Voyager","Octane: Turtle Tribe","Decal"
"Skin.Octane.VT","Octane: Voltron","Decal"
"Skin.Octane.Wales","Octane: Wales","Decal"
"Skin.Octane.Watermelon","Octane: Watermelon","Decal"
"Skin.Octane.WaterSlider","Octane: Summer Slide","Decal"
"Skin.Octane.WetTongue","Octane: Dr. Thrash","Decal"
"Skin.Octane.Whm22C","Octane: Pop Punk","Decal"
"Skin.Octane.WilliamsresolveAway","Octane: Resolve (Away)","Decal"
"Skin.Octane.WilliamsresolveHome","Octane: Resolve (Home)","Decal"
"Skin.Octane.Windlines","Octane: Windblast","Decal"
"Skin.Octane.Wings","Octane: Wings","Decal"
"Skin.Octane.Wire","Octane: Framework","Decal"
"Skin.Octane.Wolf","Octane: Lone Wolf","Decal"
"Skin.Octane.WubRecolor","Octane: Monstercat (Black & White)","Decal"
"Skin.Octane.Xmat","Octane: Kana","Decal"
"Skin.Octane.Xset","Octane: XSET (Home)","Decal"
"Skin.Octane.XsetA","Octane: XSET (Away)","Decal"
"Skin.Octane.Yeasayer","Octane: LightLane","Decal"
"Skin.ODB.Flames","Admiral: Flames","Decal"
"Skin.ODB.Lightning","Admiral: Lightning","Decal"
"Skin.ODB.Livery1","Admiral: Submariner","Decal"
"Skin.ODB.Livery2","Admiral: Circuit","Decal"
"Skin.ODB.Stripes","Admiral: Stripes","Decal"
"Skin.ODB.Wings","Admiral: Wings","Decal"
"Skin.OpticOrange.Default","Gummi Ship: Gummi Ship (Custom)","Decal"
"Skin.OpticOrange.OpticOrange01","Gummi Ship: Classic","Decal"
"Skin.OpticOrange.OpticOrange02","Gummi Ship: Magic","Decal"
"Skin.OpticOrange.OpticOrange03","Gummi Ship: Heartless","Decal"
"Skin.Orion.Bm","Paladin: Batman","Decal"
"Skin.Orion.Cogignition","Paladin: Geared Up","Decal"
"Skin.Orion.Dagger","Paladin: Perp Dagger","Decal"
"Skin.Orion.Flames","Paladin: Flames","Decal"
"Skin.Orion.Joker","Paladin: Jester","Decal"
"Skin.Orion.Lightning","Paladin: Lightning","Decal"
"Skin.Orion.Linesa","Paladin: Virgule","Decal"
"Skin.Orion.Node","Paladin: Nodey","Decal"
"Skin.Orion.Scorpion","Paladin: ScorpCorp","Decal"
"Skin.Orion.Shaperacer","Paladin: ShapeRacer","Decal"
"Skin.Orion.Skulls","Paladin: Skulls","Decal"
"Skin.Orion.Stars","Paladin: Stars","Decal"
"Skin.Orion.Stripes","Paladin: Stripes","Decal"
"Skin.Orion.Tech","Paladin: Tech","Decal"
"Skin.Orion.Wings","Paladin: Wings","Decal"
"Skin.Peach.Hoppedup","Insidio: Mr. Coney","Decal"
"Skin.Peach.Metro","Insidio: Metro","Decal"
"Skin.Peach.Race","Insidio: Chequered Past","Decal"
"Skin.Peach.Shapes","Insidio: Ternion","Decal"
"Skin.Peach.SimpleFade","Insidio: Silencer","Decal"
"Skin.Peach.Stickerbomb","Insidio: Sticker Bomb","Decal"
"Skin.Peach.Stripes","Insidio: Stripes","Decal"
"Skin.Peach.Tech","Insidio: Tech","Decal"
"Skin.Pete.Livery01","Mazda RX-7: Drift Circuit","Decal"
"Skin.Pete.Livery02","Mazda RX-7: PrimeLine","Decal"
"Skin.Pete.Livery04","Mazda RX-7: Fight-Flight","Decal"
"Skin.Pete.Livery05","Mazda RX-7: Sakka","Decal"
"Skin.Pete.Pete","Mazda RX-7: Reel Life","Decal"
"Skin.Pickle.Flames","Void Burn: Flames","Decal"
"Skin.Pickle.Lightning","Void Burn: Lightning","Decal"
"Skin.Pickle.Livery1","Void Burn: Cadet's Kanji","Decal"
"Skin.Pickle.Livery2","Void Burn: Void Mask","Decal"
"Skin.Pickle.Stripes","Void Burn: Stripes","Decal"
"Skin.Pickle.Wings","Void Burn: Wings","Decal"
"Skin.Pixie.Cruisin","Lightning McQueen: Cruisin'","Decal"
"Skin.Pixie.Dino","Lightning McQueen: Dinoco","Decal"
"Skin.Pixie.Rust","Lightning McQueen: Rust-eze","Decal"
"Skin.Pixie.Rust01","?INT?Product","Decal"
"Skin.Pixie.Rust02","?INT?Product","Decal"
"Skin.Pumpernickel.Alita","Centio: L-ITA 99","Decal"
"Skin.Pumpernickel.Centispeed","Centio: Gigapede","Decal"
"Skin.Pumpernickel.Formula","Centio: Flagman","Decal"
"Skin.Pumpernickel.Mint","Centio: MiNT","Decal"
"Skin.Pumpernickel.Pollenator","Centio: Pollinator","Decal"
"Skin.Pumpernickel.Punksteamer","Centio: Machina","Decal"
"Skin.Pumpernickel.Soundwave","Centio: Echo-Pulse","Decal"
"Skin.Pumpernickel.Stripes","Centio: Stripes","Decal"
"Skin.Pumpernickel.Suprematism","Centio: Hypermark","Decal"
"Skin.Pumpernickel.Tribal","Centio: Tribal","Decal"
"Skin.Pumpernickel.Waterways","Centio: Splashback","Decal"
"Skin.Quartz.A","007's Aston Martin DBS: Reel Life","Decal"
"Skin.Quartz.Default","007's Aston Martin DBS: Reel Life (Custom)","Decal"
"Skin.Quartz.Flames","007's Aston Martin DBS: Flames","Decal"
"Skin.Quartz.Lightning","007's Aston Martin DBS: Lightning","Decal"
"Skin.Quartz.Livery01","007's Aston Martin DBS: Solid Gold","Decal"
"Skin.Quartz.Stripes","007's Aston Martin DBS: Tripes","Decal"
"Skin.Quartz.Wings","007's Aston Martin DBS: Wings","Decal"
"Skin.Raddish.01tierall","Tyranno: Hotness","Decal"
"Skin.Raddish.04tierall","Tyranno: Threestyle","Decal"
"Skin.Raddish.Burst","Tyranno: Edge Burst","Decal"
"Skin.Raddish.Frosted","Tyranno: Ombre","Decal"
"Skin.Raddish.Gust","Tyranno: Sally","Decal"
"Skin.Raddish.Hallowed","Tyranno: Reviver","Decal"
"Skin.Raddish.Huntress","Tyranno: Huntress","Decal"
"Skin.Raddish.Outline","Tyranno: Apex Line","Decal"
"Skin.Raddish.Racing","Tyranno: Paced Out","Decal"
"Skin.Raddish.RacingB","Tyranno: Speedrush","Decal"
"Skin.Raddish.Spots","Tyranno: Crazed Firefly","Decal"
"Skin.Rafael.A","Ferrari 296 GTB: Assetto Fiorano","Decal"
"Skin.Rafael.B","Ferrari 296 GTB: Assetto Fiorano (Custom)","Decal"
"Skin.Rafael.Flames","Ferrari 296 GTB: Flames","Decal"
"Skin.Rafael.Lightning","Ferrari 296 GTB: Lightning","Decal"
"Skin.Rafael.Livery2","Ferrari 296 GTB: Rosso Ferrari F1-75","Decal"
"Skin.Rafael.Livery3","Ferrari 296 GTB: Rosso Corsa","Decal"
"Skin.Rafael.Stripes","Ferrari 296 GTB: Stripes","Decal"
"Skin.Rafael.Wings","Ferrari 296 GTB: Wings","Decal"
"Skin.Rage.A","Lamborghini Countach LPI 800-4: Argento Luna","Decal"
"Skin.Rage.Flames","Lamborghini Countach LPI 800-4: Flames","Decal"
"Skin.Rage.Hug","Lamborghini Countach LPI 800-4: Shirai Ryu Wrapped","Decal"
"Skin.Rage.Hug2","Lamborghini Countach LPI 800-4: Lin Kuei Wrapped","Decal"
"Skin.Rage.Lightning","Lamborghini Countach LPI 800-4: Lightning","Decal"
"Skin.Rage.Rage02","Lamborghini Countach LPI 800-4: Opalescent","Decal"
"Skin.Rage.Stripes","Lamborghini Countach LPI 800-4: Stripes","Decal"
"Skin.Rage.Wings","Lamborghini Countach LPI 800-4: Wings","Decal"
"Skin.Ramen.Bunnyg","Dingo: Buffy-Sugo","Decal"
"Skin.Ramen.Bwrliveries","Dingo: Yatta","Decal"
"Skin.Ramen.Dots","Dingo: Dots","Decal"
"Skin.Ramen.dragonlord","Dingo: Dragon Lord","Decal"
"Skin.Ramen.Echo","Dingo: Rascal Stripes","Decal"
"Skin.Ramen.Flames","Dingo: Flames","Decal"
"Skin.Ramen.Huntoolz","Dingo: Figurator Huntress","Decal"
"Skin.Ramen.Huntress","Dingo: Huntress","Decal"
"Skin.Ramen.Simplefade","Dingo: Silencer","Decal"
"Skin.Ramen.Splatter","Dingo: Neo-Ghost","Decal"
"Skin.Ramen.Stripes","Dingo: Stripes","Decal"
"Skin.Ramen.Toolz","Dingo: Figurator","Decal"
"Skin.Ramen.Wings","Dingo: Wings","Decal"
"Skin.Ran.A","McLaren 765LT: McLaren 765 (Silver)","Decal"
"Skin.Ran.Chrome01","McLaren 765LT: GM08","Decal"
"Skin.Ran.Chrome02","McLaren 765LT: TB3","Decal"
"Skin.Ran.Geofade","McLaren 765LT: Geofade","Decal"
"Skin.Ran.Lightning","McLaren 765LT: Lightning","Decal"
"Skin.Ran.Lion","McLaren 765LT: Tigerclaw","Decal"
"Skin.Ran.Stripe","McLaren 765LT: Stripes","Decal"
"Skin.Ran.Tech","McLaren 765LT: Tech","Decal"
"Skin.Rattrap.Boltall","Outlaw: Atwixt","Decal"
"Skin.Rattrap.Camoall","Outlaw: Camo","Decal"
"Skin.Rattrap.CoyoteBitesall","Outlaw: Coyotl","Decal"
"Skin.Rattrap.Flamesall","Outlaw: Flames","Decal"
"Skin.Rattrap.Frostedall","Outlaw: Ombre","Decal"
"Skin.Rattrap.Gustall","Outlaw: Sally","Decal"
"Skin.Rattrap.Hardlineall","Outlaw: Hardline","Decal"
"Skin.Rattrap.Huntress","Outlaw: Huntress","Decal"
"Skin.Rattrap.Levenall","Outlaw: Notched","Decal"
"Skin.Rattrap.Omensall","Outlaw: Martian Wind","Decal"
"Skin.Rattrap.Snakeall","Outlaw: Snakeskin","Decal"
"Skin.Rattrap.Stripesall","Outlaw: Stripes","Decal"
"Skin.Rattrap.Thickall","Outlaw: Block Trim","Decal"
"Skin.Rattrap.Thinlinesall","Outlaw: Tough Break","Decal"
"Skin.Rebar.00","Diesel: 00","Decal"
"Skin.Rebar.Flames","Diesel: Flames","Decal"
"Skin.Rebar.Lightning","Diesel: Lightning","Decal"
"Skin.Rebar.Seven","Diesel: Lucky 7","Decal"
"Skin.Rebar.Stripes","Diesel: Stripes","Decal"
"Skin.Rebar.Wings","Diesel: Wings","Decal"
"Skin.Retro.Crisp","Nimbus: Crispi","Decal"
"Skin.Retro.Cyborg","Nimbus: Austromancer","Decal"
"Skin.Retro.Fire","Nimbus: Fornax","Decal"
"Skin.Retro.Gray04","Nimbus: AC Milan (Puma x Off-White)","Decal"
"Skin.Retro.Gray05","Nimbus: AC Milan (Puma x Off-White) Alt.","Decal"
"Skin.Retro.Stockcar","Nimbus: Draft Racer","Decal"
"Skin.Retro.Stripes","Nimbus: Stripes","Decal"
"Skin.Retro.Sunsetstrip","Nimbus: Skyrider","Decal"
"Skin.Retro.TechArrows","Nimbus: Vector","Decal"
"Skin.Retro.Teeth","?INT?Product","Decal"
"Skin.Retro.Tsunami","Nimbus: Anthrophobe","Decal"
"Skin.Retro.Xmat","Nimbus: Kana","Decal"
"Skin.RevivalLine.01","Nissan GT-R Nismo: Steel Line","Decal"
"Skin.RevivalLine.02","Nissan GT-R Nismo: High Line","Decal"
"Skin.RevivalLine.Flames","Nissan GT-R Nismo: Flames","Decal"
"Skin.RevivalLine.LuckyOnyx01","Nissan GT-R Nismo: Black Bulls Asta","Decal"
"Skin.RevivalLine.LuckyOnyx02","Nissan GT-R Nismo: Golden Dawn Yuno","Decal"
"Skin.RevivalLine.LuckyOnyx03","Nissan GT-R Nismo: Black Bulls Noelle","Decal"
"Skin.Rhino.bugout","Road Hog: Bugbastic","Decal"
"Skin.Rhino.Flames","Road Hog: Flames","Decal"
"Skin.Rhino.GL","Road Hog: Cyborg","Decal"
"Skin.Rhino.Icecream","Road Hog: Sundae","Decal"
"Skin.Rhino.Lighting","Road Hog: Lightning","Decal"
"Skin.Rhino.Responseteam","Road Hog: Response Team","Decal"
"Skin.Rhino.Roadhog","Road Hog: Heart Hog","Decal"
"Skin.Rhino.Skulls","Road Hog: Skulls","Decal"
"Skin.Rhino.Stars","Road Hog: Stars","Decal"
"Skin.Rhino.Stripes","Road Hog: Stripes","Decal"
"Skin.Rhino.TechSplat","Road Hog: Tech","Decal"
"Skin.Rhino.Watermelon","Road Hog: Watermelon","Decal"
"Skin.Rhino.Wings","Road Hog: Wings","Decal"
"Skin.Rhino2.Bouncecube","Road Hog XL: Tumbling Blocks","Decal"
"Skin.Rio.Livery1","RAM RHO 1500: Guts","Decal"
"Skin.Rio.Livery2","RAM RHO 1500: Glory","Decal"
"Skin.Rio.Livery3","RAM RHO 1500: Flame Red","Decal"
"Skin.Ron.B","McLaren 570S: Silver","Decal"
"Skin.Ron.Dragoncat1","McLaren 570S: deadmau5 Phase","Decal"
"Skin.Ron.Dragoncat2","McLaren 570S: deadmau5 Blaze","Decal"
"Skin.Ron.Flames","McLaren 570S: Flames","Decal"
"Skin.Ron.Lightning","McLaren 570S: Lightning","Decal"
"Skin.Ron.Stripes","McLaren 570S: Stripes","Decal"
"Skin.Ron.Wings","McLaren 570S: Wings","Decal"
"Skin.Ruckus.Flames","Xentari: Flames","Decal"
"Skin.Ruckus.Lightning","Xentari: Lightning","Decal"
"Skin.Ruckus.Livery1","Xentari: Corvidae Hubris","Decal"
"Skin.Ruckus.Livery2","Xentari: Carrion Colorway","Decal"
"Skin.Ruckus.Stripes","Xentari: Stripes","Decal"
"Skin.Ruckus.Wings","Xentari: Wings","Decal"
"Skin.Rye.Colorblocktierall","Maverick: Block Trim","Decal"
"Skin.Rye.Offsetstripetierall","Maverick: Stripe Racer","Decal"
"Skin.Rye.Racertierall","Maverick: Circuit Pro","Decal"
"Skin.Rye.Volttierall","Maverick: Baller","Decal"
"Skin.Rye.Windfiretierall","Maverick: Gale-Fire","Decal"
"Skin.RyzaRevT1.Flames","Ryza Trophy: Flames","Decal"
"Skin.RyzaRevT1.Lightning","Ryza Trophy: Lightning","Decal"
"Skin.RyzaRevT1.Livery01","Ryza Trophy: Victor","Decal"
"Skin.RyzaRevT1.Livery02","Ryza Trophy: Pit Box","Decal"
"Skin.RyzaRevT1.Stripes","Ryza Trophy: Stripes","Decal"
"Skin.RyzaRevT1.Wings","Ryza Trophy: Wings","Decal"
"Skin.RyzaRevT2.Flames","Ryza T60: Flames","Decal"
"Skin.RyzaRevT2.Lightning","Ryza T60: Lightning","Decal"
"Skin.RyzaRevT2.Livery01","Ryza T60: Victor","Decal"
"Skin.RyzaRevT2.Livery02","Ryza T60: Pit Box","Decal"
"Skin.RyzaRevT2.Stripes","Ryza T60: Stripes","Decal"
"Skin.RyzaRevT2.Wings","Ryza T60: Wings","Decal"
"Skin.Safari.Flames","Pareto 5S: Flames","Decal"
"Skin.Safari.Lightning","Pareto 5S: Lightning","Decal"
"Skin.Safari.Livery01","Pareto 5S: Pareto Shock","Decal"
"Skin.Safari.Livery02","Pareto 5S: Soar","Decal"
"Skin.Safari.Stripes","Pareto 5S: Stripes","Decal"
"Skin.Safari.Wings","Pareto 5S: Wings","Decal"
"Skin.SandScreen.01","Jeep Wrangler: Jeep Wrangler Willys","Decal"
"Skin.SandScreen.02","Jeep Wrangler: Rubber Duck","Decal"
"Skin.SandScreen.03","Jeep Wrangler: Stoneblue","Decal"
"Skin.SandScreen.04","Jeep Wrangler: Rad Racer","Decal"
"Skin.SandTote.Livery01","?INT?Product","Decal"
"Skin.SandTote.Livery02","?INT?Product","Decal"
"Skin.SandTote.Livery03","?INT?Product","Decal"
"Skin.SandTote.RoutineBarley01","?INT?Product","Decal"
"Skin.SandTote.RoutineBarley02","?INT?Product","Decal"
"Skin.Sassy.FazeClan","Nissan Z Performance: Nissan x FaZe Clan","Decal"
"Skin.Sassy.Flames","Nissan Z Performance: Flames","Decal"
"Skin.Sassy.Lightning","Nissan Z Performance: Lightning","Decal"
"Skin.Sassy.Stripes","Nissan Z Performance: Stripes","Decal"
"Skin.Sassy.Wings","Nissan Z Performance: Wings","Decal"
"Skin.ScarA.01","NASCAR Next Gen Ford Mustang: Stewart-Haas Racing #4","Decal"
"Skin.ScarA.010","NASCAR Next Gen Ford Mustang: Team Penske #12","Decal"
"Skin.ScarA.011","NASCAR Next Gen Ford Mustang: NASCAR 75th Anniversary","Decal"
"Skin.ScarA.02","NASCAR Next Gen Ford Mustang: RFK Racing #17","Decal"
"Skin.ScarA.03","NASCAR Next Gen Ford Mustang: Front Row Motorsports #34","Decal"
"Skin.ScarA.04","NASCAR Next Gen Ford Mustang: Team Penske #12","Decal"
"Skin.ScarA.05","NASCAR Next Gen Ford Mustang: NASCAR Next Gen Ford Mustang","Decal"
"Skin.ScarA.06","NASCAR Next Gen Ford Mustang: Team Penske #2","Decal"
"Skin.ScarA.07","NASCAR Next Gen Ford Mustang: Stewart-Haas Racing #41","Decal"
"Skin.ScarA.08","NASCAR Next Gen Ford Mustang: Wood Brothers Racing #21","Decal"
"Skin.ScarA.09","NASCAR Next Gen Ford Mustang: Front Row Motorsports #38","Decal"
"Skin.Scarab.Clouds","Scarab: Bomani","Decal"
"Skin.Scarab.Derp","Scarab: Sea Trow","Decal"
"Skin.ScarB.01","NASCAR Next Gen Chevrolet Camaro: Hendrick Motorsports #5","Decal"
"Skin.ScarB.011","NASCAR Next Gen Chevrolet Camaro: Legacy Motor Club #42","Decal"
"Skin.ScarB.012","NASCAR Next Gen Chevrolet Camaro: Hendrick Motorsports #9","Decal"
"Skin.ScarB.013","NASCAR Next Gen Chevrolet Camaro: Spire Motorsports #77","Decal"
"Skin.ScarB.014","NASCAR Next Gen Chevrolet Camaro: RL Classic","Decal"
"Skin.ScarB.02","NASCAR Next Gen Chevrolet Camaro: Spire Motorsports #7","Decal"
"Skin.ScarB.03","NASCAR Next Gen Chevrolet Camaro: Trackhouse Racing #1","Decal"
"Skin.ScarB.04","NASCAR Next Gen Chevrolet Camaro: Richard Childress Racing #8","Decal"
"Skin.ScarB.05","NASCAR Next Gen Chevrolet Camaro: NASCAR Next Gen Chevrolet Camaro ZL1","Decal"
"Skin.ScarB.06","NASCAR Next Gen Chevrolet Camaro: Hendrick Motorsports #24","Decal"
"Skin.ScarB.07","NASCAR Next Gen Chevrolet Camaro: Kaulig Racing #31","Decal"
"Skin.ScarB.08","NASCAR Next Gen Chevrolet Camaro: Kaulig Racing #16","Decal"
"Skin.ScarB.09","NASCAR Next Gen Chevrolet Camaro: Live Fast Motorsports #78","Decal"
"Skin.ScarB.Ramuh01","NASCAR Next Gen Chevrolet Camaro: Haas","Decal"
"Skin.ScarB.Ramuh02","NASCAR Next Gen Chevrolet Camaro: Trackhouse Racing","Decal"
"Skin.ScarB.Ramuh03","NASCAR Next Gen Chevrolet Camaro: Hyak Motorsports","Decal"
"Skin.ScarB.Ramuh04","NASCAR Next Gen Chevrolet Camaro: JR Motorsports","Decal"
"Skin.ScarB.Ramuh05","NASCAR Next Gen Chevrolet Camaro: Hendrick Motorsport","Decal"
"Skin.ScarB.Ramuh06","NASCAR Next Gen Chevrolet Camaro: AmeriVet","Decal"
"Skin.ScarB.Ramuh07","NASCAR Next Gen Chevrolet Camaro: Richard Childress Racing","Decal"
"Skin.ScarB.Ramuh08","NASCAR Next Gen Chevrolet Camaro: Joey Gase Motorsports","Decal"
"Skin.ScarC.01","NASCAR Next Gen Toyota Camry: Joe Gibbs Racing #19","Decal"
"Skin.ScarC.02","NASCAR Next Gen Toyota Camry: NASCAR Next Gen Toyota Camry TRD","Decal"
"Skin.ScarC.03","NASCAR Next Gen Toyota Camry: Joe Gibbs Racing #20","Decal"
"Skin.ScarC.04","NASCAR Next Gen Toyota Camry: 23XI #45: RLE","Decal"
"Skin.SeasaltT1.Flames","Nissan Silvia: Flames","Decal"
"Skin.SeasaltT1.Frosted","Nissan Silvia: Ombre","Decal"
"Skin.SeasaltT1.Liberty","Nissan Silvia: LB - Super Silhouette","Decal"
"Skin.SeasaltT1.Lightning","Nissan Silvia: Lightning","Decal"
"Skin.SeasaltT1.Simon","Nissan Silvia: Nismo","Decal"
"Skin.SeasaltT1.Stripes","Nissan Silvia: Stripes","Decal"
"Skin.SeasaltT1.Wings","Nissan Silvia: Wings","Decal"
"Skin.SeasaltT2.Flames","Nissan Silvia RLE: Flames","Decal"
"Skin.SeasaltT2.Frosted","Nissan Silvia RLE: Ombre","Decal"
"Skin.SeasaltT2.Liberty","Nissan Silvia RLE: LB - Super Silhouette","Decal"
"Skin.SeasaltT2.Lightning","Nissan Silvia RLE: Lightning","Decal"
"Skin.SeasaltT2.Simon","Nissan Silvia RLE: Nismo","Decal"
"Skin.SeasaltT2.Stripes","Nissan Silvia RLE: Stripes","Decal"
"Skin.SeasaltT2.Wings","Nissan Silvia RLE: Wings","Decal"
"Skin.Seba.Flames","Quadra Turbo-R: Flames","Decal"
"Skin.Seba.Lightning","Quadra Turbo-R: Lightning","Decal"
"Skin.Seba.Livery1","Quadra Turbo-R: V-Tech","Decal"
"Skin.Seba.Livery2","Quadra Turbo-R: Red Raijin","Decal"
"Skin.Seba.Livery3","Quadra Turbo-R: Green Raijin","Decal"
"Skin.Seba.Stripes","Quadra Turbo-R: Stripes","Decal"
"Skin.Seba.Wings","Quadra Turbo-R: Wings","Decal"
"Skin.Shark.Crisis","Peregrine TT: Crisis","Decal"
"Skin.Shark.Flames","Peregrine TT: Flames","Decal"
"Skin.Shark.Frosted","Peregrine TT: Ombre","Decal"
"Skin.Shark.Lightning","Peregrine TT: Lightning","Decal"
"Skin.Shark.Mechwings","Peregrine TT: Mechwing","Decal"
"Skin.Shark.Stripes","Peregrine TT: Stripes","Decal"
"Skin.Shark.Stroke","Peregrine TT: Hoodbar","Decal"
"Skin.Shark.Techarrows","Peregrine TT: Vector","Decal"
"Skin.Shark.Wings","Peregrine TT: Wings","Decal"
"Skin.SheepBolt.Flames","Rivian R1S: Flames","Decal"
"Skin.SheepBolt.Lightning","Rivian R1S: Lightning","Decal"
"Skin.SheepBolt.Livery01","Rivian R1S: R.A.D.","Decal"
"Skin.SheepBolt.LuminousAirplane01","Rivian R1S: Air Jordan 6 ""Infrared""","Decal"
"Skin.SheepBolt.LuminousAirplane02","Rivian R1S: Air Jordan 4 ""White Cement""","Decal"
"Skin.SheepBolt.Stripes","Rivian R1S: Stripes","Decal"
"Skin.SheepBolt.Wings","Rivian R1S: Wings","Decal"
"Skin.Sixty.A","BMW M240i: Thundernight Metallic","Decal"
"Skin.Sixty.Flames","BMW M240i: Flames","Decal"
"Skin.Sixty.Lightning","BMW M240i: Lightning","Decal"
"Skin.Sixty.Stripes","BMW M240i: Stripes","Decal"
"Skin.Sixty.UIR","BMW M240i: United In Rivalry","Decal"
"Skin.Sixty.Wings","BMW M240i: Wings","Decal"
"Skin.Skunkz.Flames","Primo: Flames","Decal"
"Skin.Skunkz.Lightning","Primo: Lightning","Decal"
"Skin.Skunkz.Livery1","Primo: Ball Hog","Decal"
"Skin.Skunkz.Livery2","Primo: Rewind","Decal"
"Skin.Skunkz.Livery3","Primo: Ret-Con","Decal"
"Skin.Skunkz.Livery4","Primo: Farout","Decal"
"Skin.Skunkz.Stripes","Primo: Stripes","Decal"
"Skin.Skunkz.Zebra","Primo: Radify","Decal"
"Skin.Slick.Slick01","Megastar: Cold-blooded","Decal"
"Skin.Slick.Slick02","Megastar: Crosshair","Decal"
"Skin.Slick.Slick03","Megastar: Lightwave","Decal"
"Skin.Slick.Slick04","Megastar: Midnight Gold","Decal"
"Skin.Smoke.ClydeSS","1966 Cadillac DeVille: Snoop Wrapped","Decal"
"Skin.Smoke.Livery1","1966 Cadillac DeVille: White Pinstripe","Decal"
"Skin.Smoke.Livery2","1966 Cadillac DeVille: Blue Pinstripe","Decal"
"Skin.Smoke.Livery3","1966 Cadillac DeVille: LBC '93","Decal"
"Skin.Sourdough.AW","Jäger 619: Walker World","Decal"
"Skin.Sourdough.Boltspitter","Jäger 619: Mister Monsoon","Decal"
"Skin.Sourdough.BoltSplitter","Jäger 619: Mister Monsoon","Decal"
"Skin.Sourdough.DivineStyler","Jäger 619: Shark Tooth","Decal"
"Skin.Sourdough.Heavy","Jäger 619: Puppetmaster","Decal"
"Skin.Sourdough.JackRabbit","Jäger 619: Hip-Hop","Decal"
"Skin.Sourdough.Jawbone","Jäger 619: Camazotz","Decal"
"Skin.Sourdough.Livery","Jäger 619: Circuit Pro","Decal"
"Skin.Sourdough.Meteor","Jäger 619: The Summit","Decal"
"Skin.Sourdough.Rabbitjack","Jäger 619: Hip-Hop","Decal"
"Skin.Sourdough.Sixteen","Jäger 619: XVI","Decal"
"Skin.Sourdough.Snakeskin","Jäger 619: Snakeskin","Decal"
"Skin.Sourdough.Squid","Jäger 619: Kraken","Decal"
"Skin.Sourdough.Starlighter","Jäger 619: StarLighter","Decal"
"Skin.Sourdough.Storm","Jäger 619: Storm Warning","Decal"
"Skin.Sourdough.Stripes","Jäger 619: Stripes","Decal"
"Skin.Sourdough.Techarrows","Jäger 619: Vector","Decal"
"Skin.Sourdough.Thunder","Jäger 619: adidas - F50","Decal"
"Skin.Sourdough.Tri","Jäger 619: Euphoria","Decal"
"Skin.Sourdough.Viral","Jäger 619: Neo-Viral","Decal"
"Skin.Spark.BlackWidow","Gizmo: Arachnid","Decal"
"Skin.Spark.Flames","Gizmo: Flames","Decal"
"Skin.Spark.Lightning","Gizmo: Lightning","Decal"
"Skin.Spark.RedoBumble","Gizmo: Hive Mind","Decal"
"Skin.Spark.RedoHyperstripes","Gizmo: Mean Streak","Decal"
"Skin.Spark.RedoNewone","Gizmo: Wannabee","Decal"
"Skin.Spark.Skulls","Gizmo: Skulls","Decal"
"Skin.Spark.SmokePlume","Gizmo: Plume-Y","Decal"
"Skin.Spark.Stars","Gizmo: Stars","Decal"
"Skin.Spark.Stripes","Gizmo: Stripes","Decal"
"Skin.Spark.Tech","Gizmo: Tech","Decal"
"Skin.Spark.Wings","Gizmo: Wings","Decal"
"Skin.Spark.WolfLord","Gizmo: Wolf Lord","Decal"
"Skin.Spartan.SpartanA","Beskar: Beskar (Din Djarin)","Decal"
"Skin.Spartan.SpartanB","Beskar: Boba Fett","Decal"
"Skin.Spartan.SpartanC","Beskar: Bo-Katan Kryze","Decal"
"Skin.Spartan.SpartanD","Beskar: The Armorer","Decal"
"Skin.Spartan.SpartanE","Beskar: Sabine Wren","Decal"
"Skin.Spike.Flames","Havoc: Flames","Decal"
"Skin.Spike.LIvery02","Havoc: Augmented","Decal"
"Skin.Spike.Livery03","Havoc: Ice Vice","Decal"
"Skin.Spike.Stripes","Havoc: Stripes","Decal"
"Skin.SportyTack.Flames","Zefira: Flames","Decal"
"Skin.SportyTack.Lightning","Zefira: Lightning","Decal"
"Skin.SportyTack.Livery01","Zefira: Juniper","Decal"
"Skin.SportyTack.Livery02","Zefira: Angular Flow","Decal"
"Skin.SportyTack.Stripes","Zefira: Stripes","Decal"
"Skin.SportyTack.Wings","Zefira: Wings","Decal"
"Skin.Sprinkle.Sprinkle02","Homer's Car: Springfield Isotopes","Decal"
"Skin.Sprinkle.Sprinkle03","Homer's Car: Radioactive Man","Decal"
"Skin.Sprinkle.Sprinkle04","Homer's Car: Krusty Burger","Decal"
"Skin.Squash.Aventurine01","Cyclone: Miku Rider Beam","Decal"
"Skin.Squash.Aventurine02","Cyclone: Miku Rider Lite","Decal"
"Skin.Squash.Basic","Cyclone: Sliver","Decal"
"Skin.Squash.BatterUp","Cyclone: Bat Boy","Decal"
"Skin.Squash.Eh","Cyclone: Nick Eh 30","Decal"
"Skin.Squash.Flames","Cyclone: Flames","Decal"
"Skin.Squash.Lita","Cyclone: L-ita 99","Decal"
"Skin.Squash.MountainTop","Cyclone: Whiteout","Decal"
"Skin.Squash.Omens","Cyclone: Martian Wind","Decal"
"Skin.Squash.Stripes","Cyclone: Stripes","Decal"
"Skin.Squash.Tech","Cyclone: Tech","Decal"
"Skin.Squash.Thunder","Cyclone: adidas - Copa","Decal"
"Skin.StubbyHog.Flames","BMW M2 Racing: Flames","Decal"
"Skin.StubbyHog.Lightning","BMW M2 Racing: Lightning","Decal"
"Skin.StubbyHog.Livery01","BMW M2 Racing: Juniper","Decal"
"Skin.StubbyHog.Livery02","BMW M2 Racing: Angular Flow","Decal"
"Skin.StubbyHog.Livery03","BMW M2 Racing: BMW Motorsport","Decal"
"Skin.StubbyHog.Stripes","BMW M2 Racing: Stripes","Decal"
"Skin.StubbyHog.Wings","BMW M2 Racing: Wings","Decal"
"Skin.SuperOmega.Flames","Maven: Flames","Decal"
"Skin.SuperOmega.Lightning","Maven: Lightning","Decal"
"Skin.SuperOmega.Livery01","Maven: Juniper","Decal"
"Skin.SuperOmega.Livery02","Maven: Angular Flow","Decal"
"Skin.SuperOmega.Stripes","Maven: Stripes","Decal"
"Skin.SuperOmega.Wings","Maven: Wings","Decal"
"Skin.TagTiger.01","Chrysler Pacifica: Diamond Black Crystal","Decal"
"Skin.TagTiger.02","Chrysler Pacifica: Family Van","Decal"
"Skin.TagTiger.03","Chrysler Pacifica: Road Ready","Decal"
"Skin.TagTiger.Flames","Chrysler Pacifica: Flames","Decal"
"Skin.TagTiger.Wings","Chrysler Pacifica: Wings","Decal"
"Skin.Takumiii.Blackwork","Takumi RX-T: Blackwork","Decal"
"Skin.Takumiii.Bouncecube","Takumi RX-T: Tumbling Blocks","Decal"
"Skin.Takumiii.Budokan","Takumi RX-T: Party-Chan","Decal"
"Skin.Takumiii.EdgeDots","Takumi RX-T: Dot Matrix","Decal"
"Skin.Takumiii.EdgeStatic","Takumi RX-T: Distortion","Decal"
"Skin.Takumiii.Inkstroke","Takumi RX-T: Inked","Decal"
"Skin.Takumiii.Konstruction","Takumi RX-T: Chusho","Decal"
"Skin.Takumiii.Rockat","Takumi RX-T: Rockat","Decal"
"Skin.Takumiii.Skullface","Takumi RX-T: Skullface","Decal"
"Skin.Takumiii.SnakeSkin","Takumi RX-T: Snakeskin","Decal"
"Skin.Takumiii.Stickerbomb","Takumi RX-T: Super RX-T","Decal"
"Skin.Takumiii.Stripes","Takumi RX-T: Stripes","Decal"
"Skin.Takumiii.TechArrows","Takumi RX-T: Arrowhead","Decal"
"Skin.Ten.Flames","Bugatti Centodieci: Flames","Decal"
"Skin.Ten.Lightning","Bugatti Centodieci: Lightning","Decal"
"Skin.Ten.Livery01","Bugatti Centodieci: Noire","Decal"
"Skin.Ten.Livery02","Bugatti Centodieci: Solid Gold","Decal"
"Skin.Ten.Livery03","Bugatti Centodieci: Cosmic Chrome","Decal"
"Skin.Ten.Stripes","Bugatti Centodieci: Stripes","Decal"
"Skin.Ten.Wings","Bugatti Centodieci: Wings","Decal"
"Skin.Thrice.FlamesAll","Fuse: Flames","Decal"
"Skin.Thrice.Lightning","Fuse: Lightning","Decal"
"Skin.Thrice.Livery1","Fuse: Fluorescent","Decal"
"Skin.Thrice.Livery2","Fuse: Whip-Tail","Decal"
"Skin.Thrice.Stripes","Fuse: Stripes","Decal"
"Skin.Thrice.ThickLine","Fuse: Formline","Decal"
"Skin.Thrice.Wings","Fuse: Wings","Decal"
"Skin.Tomahawk.Common","Jackal: Midline","Decal"
"Skin.Tomahawk.Flames","Jackal: Flames","Decal"
"Skin.Tomahawk.Huntress","Jackal: Huntress","Decal"
"Skin.Tomahawk.Mooncake1","Jackal: Saitama's Vehicle","Decal"
"Skin.Tomahawk.Mooncake2","Jackal: Genos' Vehicle","Decal"
"Skin.Tomahawk.Rare","Jackal: Sharpshooter","Decal"
"Skin.Tomahawk.Simplefade","Jackal: Silencer","Decal"
"Skin.Tomahawk.Stripes","Jackal: Stripes","Decal"
"Skin.Tomahawk.Wings","Jackal: Wings","Decal"
"Skin.Tomato1.01","?INT?Product","Decal"
"Skin.Tomato1.02","?INT?Product","Decal"
"Skin.Tomato1.03","?INT?Product","Decal"
"Skin.Tomb.A","Batmobile (2022): Reel Life","Decal"
"Skin.Tomb.Default","Batmobile (2022): Reel Life (Custom)","Decal"
"Skin.Topple.BlightShield01","BMW M4 GT3 EVO: Ichigo Kurosaki (Fully-Hollowfied)","Decal"
"Skin.Topple.BlightShield02","BMW M4 GT3 EVO: Rukia Kuchiki (Hakka no Togame)","Decal"
"Skin.Topple.BlightShield03","BMW M4 GT3 EVO: Ichigo Kurosaki (Bankai)","Decal"
"Skin.Topple.Flames","BMW M4 GT3 EVO: Flames","Decal"
"Skin.Topple.Lightning","BMW M4 GT3 EVO: Lightning","Decal"
"Skin.Topple.Livery01","BMW M4 GT3 EVO: BMW Motorsport","Decal"
"Skin.Topple.Stripes","BMW M4 GT3 EVO: Stripes","Decal"
"Skin.Topple.Wings","BMW M4 GT3 EVO: Wings","Decal"
"Skin.Torment.DemonSword","Hotshot: Tormented Sword","Decal"
"Skin.Torment.Flames","Hotshot: Flames","Decal"
"Skin.Torment.GA","Hotshot: Green Arrow","Decal"
"Skin.Torment.Launch","Hotshot: Smog Check","Decal"
"Skin.Torment.Lightning","Hotshot: Lightning","Decal"
"Skin.Torment.Raretech","Hotshot: Hi-Tech","Decal"
"Skin.Torment.Skulls","Hotshot: Skulls","Decal"
"Skin.Torment.Stars","Hotshot: Stars","Decal"
"Skin.Torment.Stripes","Hotshot: Stripes","Decal"
"Skin.Torment.Tech","Hotshot: Tech","Decal"
"Skin.Torment.Tsunami","Hotshot: Anthrophobe","Decal"
"Skin.Torment.Wings","Hotshot: Wings","Decal"
"Skin.TrackSpice.01","Mercedes 190E Evo II: Matte Black","Decal"
"Skin.TrackSpice.02","Mercedes 190E Evo II: Time Trail","Decal"
"Skin.TrackSpice.03","Mercedes 190E Evo II: Buffy-Sugo Track","Decal"
"Skin.TrackSpice.04","Mercedes 190E Evo II: Llama Lap","Decal"
"Skin.TurtleModem.Flames","Hyundai Ioniq 6: Flames","Decal"
"Skin.TurtleModem.Lightning","Hyundai Ioniq 6: Lightning","Decal"
"Skin.TurtleModem.Livery01","Hyundai Ioniq 6: La Mode","Decal"
"Skin.TurtleModem.Stripes","Hyundai Ioniq 6: Stripes","Decal"
"Skin.TurtleModem.Wings","Hyundai Ioniq 6: Wings","Decal"
"Skin.Twinzer.Geometric","Twinzer: Good Shape","Decal"
"Skin.Twinzer.Monster","Twinzer: Motor Monster","Decal"
"Skin.Twinzer.Mud","Twinzer: Muddy","Decal"
"Skin.Twinzer.Q","Twinzer: Quick Fix II","Decal"
"Skin.Twinzer.Rockat","Twinzer: Radium","Decal"
"Skin.Twinzer.Sax","Twinzer: Smooth Jazz","Decal"
"Skin.Twinzer.Sherpa","Twinzer: Dune Racer","Decal"
"Skin.Twinzer.Slime","Twinzer: Slimed","Decal"
"Skin.Twinzer.Stripes","Twinzer: Stripes","Decal"
"Skin.Twinzer.Tek","Twinzer: AWD","Decal"
"Skin.Twinzer.Trace","Twinzer: Trace Racer","Decal"
"Skin.Twinzer.Tsunami","?INT?Product","Decal"
"Skin.Twinzer.Xmat","Twinzer: Kana","Decal"
"Skin.UmbraGenesis.UmbraGenesis01","Mona Car: Mona Car","Decal"
"Skin.UmbraGenesis.UmbraGenesis02","Mona Car: Joker (P5R)","Decal"
"Skin.UmbraGenesis.UmbraGenesis03","Mona Car: Panther (P5R)","Decal"
"Skin.Unicord.EpicGames","?INT?Product","Decal"
"Skin.Unicord.Psyonix","?INT?Product","Decal"
"Skin.Unicord.Test2","?INT?Product","Decal"
"Skin.UnicornT1.Burst","R3MX: Veracious","Decal"
"Skin.UnicornT1.Fatline","R3MX: Fat Line","Decal"
"Skin.UnicornT1.Flames","R3MX: Flames","Decal"
"Skin.UnicornT1.Frosted","R3MX: Ombre","Decal"
"Skin.UnicornT1.Gust","R3MX: Sally","Decal"
"Skin.UnicornT1.Huntress","R3MX: Huntress","Decal"
"Skin.UnicornT1.Smood","R3MX: Exscinder","Decal"
"Skin.UnicornT1.Stripes","R3MX: Stripes","Decal"
"Skin.UnicornT1.Tech","R3MX: Tech","Decal"
"Skin.UnicornT1.Tsunami","R3MX: Anthrophobe","Decal"
"Skin.UnicornT1.Pysonix","?INT?Product","Decal"
"Skin.UnicornT1.Wings","R3MX: Wings","Decal"
"Skin.Universal.Balmorhea","Interstellar","Decal"
"Skin.Universal.BendyBoxBand","Splitzer","Decal"
"Skin.Universal.ChaliceInRains","Palm Frond","Decal"
"Skin.Universal.ClydeIS","?INT?Product","Decal"
"Skin.Universal.ClydeJW","?INT?Product","Decal"
"Skin.Universal.ColorRush","?INT?Product","Decal"
"Skin.Universal.Defrag","D-Fragged","Decal"
"Skin.Universal.ElectricMagic","Future Shock","Decal"
"Skin.Universal.Gray01","?INT?Product","Decal"
"Skin.Universal.Gray02","?INT?Product","Decal"
"Skin.Universal.Gray03","?INT?Product","Decal"
"Skin.Universal.HtA","Sally","Decal"
"Skin.Universal.HtB","Oogie Boogie","Decal"
"Skin.Universal.Labyirnth","Labyrinth","Decal"
"Skin.Universal.Lizardwizard","Bloomed","Decal"
"Skin.Universal.Mercy","Tidal Stream","Decal"
"Skin.Universal.Molten","Flash Freeze","Decal"
"Skin.Universal.Tunde","Tropix","Decal"
"Skin.Universal.UniversalClydeSS","?INT?Product","Decal"
"Skin.Vanquish.Csdragons","Merc: Dragons","Decal"
"Skin.Vanquish.Csguardians","Merc: Guardians","Decal"
"Skin.Vanquish.Cy","Merc: Green Lantern","Decal"
"Skin.Vanquish.Dots","Merc: Dots","Decal"
"Skin.Vanquish.Dragoner","Merc: Dragon","Decal"
"Skin.Vanquish.Falcon","Merc: Skyfly","Decal"
"Skin.Vanquish.Flames","Merc: Flames","Decal"
"Skin.Vanquish.Flowers","Merc: Flower Power","Decal"
"Skin.Vanquish.HHLF","Merc: Leatherface's Mask","Decal"
"Skin.Vanquish.Lightning","Merc: Lightning","Decal"
"Skin.Vanquish.Narwhal","Merc: Narwhal","Decal"
"Skin.Vanquish.Narwhalpsplus","Merc: Narwhal SKB","Decal"
"Skin.Vanquish.Oasis","Merc: Metal Petal","Decal"
"Skin.Vanquish.Screamingdemon","Merc: Yaojing","Decal"
"Skin.Vanquish.Skulls","Merc: Skulls","Decal"
"Skin.Vanquish.Stars","Merc: Stars","Decal"
"Skin.Vanquish.Stripes","Merc: Stripes","Decal"
"Skin.Vanquish.Subb","Merc: Wingnut","Decal"
"Skin.Vanquish.Watermelon","Merc: Watermelon","Decal"
"Skin.Vanquish.Wings","Merc: Wings","Decal"
"Skin.Venom.Dots","Venom: Dots","Decal"
"Skin.Venom.F","Venom: The Flash","Decal"
"Skin.Venom.Flames","Venom: Flames","Decal"
"Skin.Venom.Flex","Venom: Flex","Decal"
"Skin.Venom.Lightning","Venom: Lightning","Decal"
"Skin.Venom.Purrnado","Venom: Nine Lives","Decal"
"Skin.Venom.Skulls","Venom: Skulls","Decal"
"Skin.Venom.Stripes","Venom: Stripes","Decal"
"Skin.Venom.Sunspot","Venom: Retro Sun","Decal"
"Skin.Venom.Tagged","Venom: Tagged","Decal"
"Skin.Venom.Twelve","Venom: King XII","Decal"
"Skin.Venom.Vinyl","Venom: Treble Clef","Decal"
"Skin.Venom.Wings","Venom: Wings","Decal"
"Skin.WastelandTruck.Bomber","Grog: Bomber","Decal"
"Skin.WastelandTruck.Bunny","Grog: Lepus","Decal"
"Skin.WastelandTruck.Cyclops","Grog: Cyclops","Decal"
"Skin.WastelandTruck.Stripe","Grog: Stripes","Decal"
"Skin.WastelandTruck.Tagged","Grog: Tagged","Decal"
"Skin.WastelandTruck.Tribal","Grog: Tribal","Decal"
"Skin.Wedding.Flames","Hearse: Flames","Decal"
"Skin.Wedding.Livery01","Hearse: Nevermore Standard","Decal"
"Skin.Wedding.Livery02","Hearse: Wuggy Wagon","Decal"
"Skin.Wedding.Wings","Hearse: Wings","Decal"
"Skin.Wheatbread.Flames","Samurai: Flames","Decal"
"Skin.Wheatbread.Lightning","Samurai: Lightning","Decal"
"Skin.Wheatbread.Stars","Samurai: Stars","Decal"
"Skin.Wheatbread.Stripes","Samurai: Stripes","Decal"
"Skin.Wheatbread.Tech","Samurai: Tech","Decal"
"Skin.Wheatbread.Wings","Samurai: Wings","Decal"
"Skin.Wurst.Flames","Lamborghini Urus SE: Flames","Decal"
"Skin.Wurst.Lightning","Lamborghini Urus SE: Lightning","Decal"
"Skin.Wurst.Livery1","Lamborghini Urus SE: Italian Flag","Decal"
"Skin.Wurst.Livery2","Lamborghini Urus SE: Speed Green","Decal"
"Skin.Wurst.Livery3","Lamborghini Urus SE: Blue Shapeshift","Decal"
"Skin.Wurst.Livery4","Lamborghini Urus SE: Opalescent","Decal"
"Skin.Wurst.Stripes","Lamborghini Urus SE: Stripes","Decal"
"Skin.Wurst.Wings","Lamborghini Urus SE: Wings","Decal"
"Skin.ZakuT1.Flames","Shokunin: Flames","Decal"
"Skin.ZakuT1.Lightning","Shokunin: Lightning","Decal"
"Skin.ZakuT1.Livery1","Shokunin: Zerobug","Decal"
"Skin.ZakuT1.Livery2","Shokunin: Cadet","Decal"
"Skin.ZakuT1.Livery3","Shokunin: Super Club","Decal"
"Skin.ZakuT1.Livery4","Shokunin: MechMania","Decal"
"Skin.ZakuT1.Stripes","Shokunin: Stripes","Decal"
"Skin.ZakuT1.Wings","Shokunin: Wings","Decal"
"Skin.ZakuT2.Flames","Shokunin GXT: Flames","Decal"
"Skin.ZakuT2.Lightning","Shokunin GXT: Lightning","Decal"
"Skin.ZakuT2.Livery1","Shokunin GXT: Zerobug","Decal"
"Skin.ZakuT2.Livery2","Shokunin GXT: Cadet","Decal"
"Skin.ZakuT2.Livery3","Shokunin GXT: Super Club","Decal"
"Skin.ZakuT2.Livery4","Shokunin GXT: MechMania","Decal"
"Skin.ZakuT2.Stripes","Shokunin GXT: Stripes","Decal"
"Skin.ZakuT2.Wings","Shokunin GXT: Wings","Decal"
"Skin.ZedThirty.Flames","Nissan 350Z: Flames","Decal"
"Skin.ZedThirty.Lightning","Nissan 350Z: Lightning","Decal"
"Skin.ZedThirty.Livery01","Nissan 350Z: N-23","Decal"
"Skin.ZedThirty.Livery02","Nissan 350Z: Mean Street","Decal"
"Skin.ZedThirty.Stripes","Nissan 350Z: Stripes","Decal"
"Skin.ZedThirty.Wings","Nissan 350Z: Wings","Decal"
"Skin.Zippy.Flames","Zippy: Flames","Decal"
"Skin.Zippy.Hearts","Zippy: Hearts","Decal"
"Skin.Zippy.HeckTec","Zippy: Caboodle","Decal"
"Skin.Zippy.Leopard","Zippy: Leopard","Decal"
"Skin.Zippy.MeanMachine","Zippy: Callous","Decal"
"Skin.Zippy.Tiger","Zippy: Tiger","Decal"
"Skin.Zrf.Aglet02","Fennec ZR-F: Arsenal F.C.","Decal"
"Skin.Zrf.Aglet03","Fennec ZR-F: Real Madrid CF","Decal"
"Skin.Zrf.Aglet04","Fennec ZR-F: Manchester United","Decal"
"Skin.Zrf.Aglet05","Fennec ZR-F: Juventus","Decal"
"Skin.Zrf.Flames","Fennec ZR-F: Flames","Decal"
"Skin.Zrf.Lightning","Fennec ZR-F: Lightning","Decal"
"Skin.Zrf.Livery02","Fennec ZR-F: R=CE","Decal"
"Skin.Zrf.Livery03","Fennec ZR-F: Graffiti'd","Decal"
"Skin.Zrf.Stripes","Fennec ZR-F: STripes","Decal"
"Skin.Zrf.Wings","Fennec ZR-F: Wings","Decal"
"Skin.Zuse.1","Revolver: The Number","Decal"
"Skin.Zuse.2","Revolver: Power GT","Decal"
"Skin.Zuse.3","Revolver: Slipstream Edge","Decal"
"Skin.Zuse.Zusegold","Revolver: Solid Gold","Decal"
"Wheel.109Rebar","Semi-Speed","Wheel"
"Wheel.10Year","Decadia","Wheel"
"Wheel.161Hero","Incrediwheel","Wheel"
"Wheel.3circles","FGSP","Wheel"
"Wheel.50th","Hot Wheels 50th","Wheel"
"Wheel.5SpokeTiger","Tiger Stride","Wheel"
"Wheel.5SpokeTigerSE","Tiger Stride: Inverted","Wheel"
"Wheel.7Spoke","Septem","Wheel"
"Wheel.7spokePsplus","Septem BL","Wheel"
"Wheel.7Spokexbg","Game Time","Wheel"
"Wheel.8ball","8-Ball","Wheel"
"Wheel.8bit","Low-Poly","Wheel"
"Wheel.8Bit_Anni","Low-Poly TE","Wheel"
"Wheel.Aftershock","Aftershock","Wheel"
"Wheel.Aglet02","Arsenal F.C.","Wheel"
"Wheel.Aglet03","Real Madrid CF","Wheel"
"Wheel.Aglet04","Manchester United","Wheel"
"Wheel.Aglet05","Juventus","Wheel"
"Wheel.Aglet07","FIFA Club World Cup Ball","Wheel"
"Wheel.Airmage","Aero Mage","Wheel"
"Wheel.Airmage_Pro","Aero Mage Pro","Wheel"
"Wheel.AirmageHatch","Aero Mage","Wheel"
"Wheel.Alberto","Aether","Wheel"
"Wheel.Allspark","Automaton","Wheel"
"Wheel.AllsparkSe","Automaton: Inverted","Wheel"
"Wheel.Alpharim","(Alpha Reward) Goldstone","Wheel"
"Wheel.Alpine","Rival","Wheel"
"Wheel.AlpineInfinite","Rival: Infinite","Wheel"
"Wheel.AlpineRadiant","Rival: Radiant","Wheel"
"Wheel.Amber","007's Aston Martin DB5","Wheel"
"Wheel.AmberA","007's Aston Martin DB5 (Obsidian Gold)","Wheel"
"Wheel.Angler","Angler","Wheel"
"Wheel.Anniversary","SARPBC-10","Wheel"
"Wheel.Anniversary01","X-Tatic","Wheel"
"Wheel.Anniversary02","10th Birthday","Wheel"
"Wheel.ANouvea","Balla-Carrà","Wheel"
"Wheel.Apollo","No-Nonsense","Wheel"
"Wheel.Aqua","Pyramidia","Wheel"
"Wheel.Armadillo","Armadillo","Wheel"
"Wheel.Armored","ARMR","Wheel"
"Wheel.Arrow","McLaren P1","Wheel"
"Wheel.Artdeco","Decopunk","Wheel"
"Wheel.Astro","Astro-CSX","Wheel"
"Wheel.AstroInverted","Astro-CSX: Inverted","Wheel"
"Wheel.AstroPSPlus","Astro-CSX BG","Wheel"
"Wheel.Atlantis","Tunica","Wheel"
"Wheel.AtlantisAnodized","Tunica: Anodized","Wheel"
"Wheel.AtomicT1","Backlity","Wheel"
"Wheel.Atomizer","Nucleon Clutch","Wheel"
"Wheel.Aventurine01","Miku Dark","Wheel"
"Wheel.Aventurine02","Miku Pink","Wheel"
"Wheel.AventurineAnimated","Miku's Beam","Wheel"
"Wheel.AventurineLTE","Rolled Leek","Wheel"
"Wheel.Babymaker","Anti-Chamber","Wheel"
"Wheel.Ballistic","Bender","Wheel"
"Wheel.Banjo","Mystery Machine Treads","Wheel"
"Wheel.Barbershop","Barbershop","Wheel"
"Wheel.Barrel","Powder Keg","Wheel"
"Wheel.BasicAW","Darkerside","Wheel"
"Wheel.Bawu01","Porsche 918 Spyder","Wheel"
"Wheel.BBFront","Battle Bus","Wheel"
"Wheel.Beachy","Pointbreak","Wheel"
"Wheel.Beacon","Frieform","Wheel"
"Wheel.Beatmaster","Turntable MC","Wheel"
"Wheel.Bee","Intercross","Wheel"
"Wheel.Beems","Intercross","Wheel"
"Wheel.BeemsInverted","Intercross: Inverted","Wheel"
"Wheel.Bennie","Artifuss","Wheel"
"Wheel.BennieHatch","Artifuss: Hatch","Wheel"
"Wheel.BerryFront","The Dark Knight's Tumbler","Wheel"
"Wheel.BetrayT1","Capacitor I","Wheel"
"Wheel.BetrayT2","Capacitor II","Wheel"
"Wheel.BetrayT3","Capacitor III","Wheel"
"Wheel.BetrayT4","Capacitor IV","Wheel"
"Wheel.Bibble","DevCon","Wheel"
"Wheel.Big01","Godzilla","Wheel"
"Wheel.Big02","Monarch Tech","Wheel"
"Wheel.Bigfootprint","Sasquatch Print","Wheel"
"Wheel.Biggie","?INT?Product","Wheel"
"Wheel.Bike","Treadmate","Wheel"
"Wheel.Billiard","?INT?Product","Wheel"
"Wheel.Bing","Dey KC","Wheel"
"Wheel.BingPSP","Dey KC O+B","Wheel"
"Wheel.BingWireframe","Dey KC: Schematized","Wheel"
"Wheel.Birdskull","Jacana","Wheel"
"Wheel.Bizzy","Deep-Target","Wheel"
"Wheel.Blender","Blender","Wheel"
"Wheel.BlenderPsplus","Blender YNP","Wheel"
"Wheel.BlightShield01","Fully-Hollowfied","Wheel"
"Wheel.BlightShield02","Hakka no Togame","Wheel"
"Wheel.Bling","Lucci","Wheel"
"Wheel.Bloom","Synastry","Wheel"
"Wheel.Bloop","2Fold","Wheel"
"Wheel.Blossom","Springed","Wheel"
"Wheel.Bluemoon","Zefram","Wheel"
"Wheel.BluemoonSe","Zefram: Infinite","Wheel"
"Wheel.BluemoonXbb","Zefram","Wheel"
"Wheel.Bluesteel","Dimonix","Wheel"
"Wheel.BlueSteel_SE_Infinity","?INT?Product","Wheel"
"Wheel.BlueSteelSeInvertedPa","Dimonix","Wheel"
"Wheel.BlueTorque01","Porsche Cayenne Turbo Electric","Wheel"
"Wheel.BlueTorque02","Shimada Spinners","Wheel"
"Wheel.Bolt","The Flash","Wheel"
"Wheel.Bone","WW5SP","Wheel"
"Wheel.Bones","?INT?Product","Wheel"
"Wheel.Boog","Chromagnum","Wheel"
"Wheel.Booshy","Fandemonium","Wheel"
"Wheel.Bowling","Lanestrike","Wheel"
"Wheel.BowlingSE","Lanestrike: Multichrome","Wheel"
"Wheel.Bpad","Boost Boot","Wheel"
"Wheel.BpadInverted","Boost Boot: Inverted","Wheel"
"Wheel.Brainwave","?INT?Product","Wheel"
"Wheel.Braker","Flow Form","Wheel"
"Wheel.Breakage","Shark Attack","Wheel"
"Wheel.Bright","Usurper","Wheel"
"Wheel.BrightSE","Usurper","Wheel"
"Wheel.Brink","Tomahawk","Wheel"
"Wheel.Bubbles","3x3","Wheel"
"Wheel.Bubu","Jetvanes","Wheel"
"Wheel.Bubu_FG","Med. Rare","Wheel"
"Wheel.Budokan","Illuminata","Wheel"
"Wheel.Bugger","Prop-L","Wheel"
"Wheel.Bugger_Inverted","Prop-L: Inverted","Wheel"
"Wheel.Buku","Buku One","Wheel"
"Wheel.BulletA","Iron Man","Wheel"
"Wheel.BulletB","War Machine","Wheel"
"Wheel.BulletC","Doctor Doom","Wheel"
"Wheel.BulletD","Pandora Armor Doom","Wheel"
"Wheel.Bumper","Fidge","Wheel"
"Wheel.BurnerCoil","Burner","Wheel"
"Wheel.Burnercoil_Inverted","Burner: Inverted","Wheel"
"Wheel.BurnishedRaven01","Cadillac CT5-V Blackwing","Wheel"
"Wheel.ButterT1","Porsche 911","Wheel"
"Wheel.ButterT2","?INT?Product","Wheel"
"Wheel.ButtonMash","Buttonmash","Wheel"
"Wheel.Caliber","Dieci","Wheel"
"Wheel.Calico","Puma: Classic","Wheel"
"Wheel.Calico2","Puma: Forever Better","Wheel"
"Wheel.Calzone","Mario NSR","Wheel"
"Wheel.Camo","Camo","Wheel"
"Wheel.Campagnolo","?INT?Product","Wheel"
"Wheel.Candygram","Candygram","Wheel"
"Wheel.Cannonboy","Triton","Wheel"
"Wheel.Cappy","Hazardous","Wheel"
"Wheel.Capture","Generator I","Wheel"
"Wheel.Capture_Tier2","Generator II","Wheel"
"Wheel.Carbon","Carbon","Wheel"
"Wheel.CarCar","Chakram","Wheel"
"Wheel.CarCar_Holographic","Chakram: Holographic","Wheel"
"Wheel.Carnaval","?INT?Product","Wheel"
"Wheel.Carnivorous","?INT?Product","Wheel"
"Wheel.Carriage","Carriage","Wheel"
"Wheel.Carrot","High Poly","Wheel"
"Wheel.Cassette02","Cassette","Wheel"
"Wheel.Cateyes","Grimalkin","Wheel"
"Wheel.Chaingaing","8th Gear","Wheel"
"Wheel.Chainlink","Serrator","Wheel"
"Wheel.Challah02","Fast & Furious Dodge Charger","Wheel"
"Wheel.Challah02B","Fast & Furious Dodge Charger","Wheel"
"Wheel.Charged","Ice Charger","Wheel"
"Wheel.CheeseMouse","Cheesy","Wheel"
"Wheel.Chewy","Libertine","Wheel"
"Wheel.Chief","Metalwork","Wheel"
"Wheel.ChiefPsplus","Metalwork RBY","Wheel"
"Wheel.chiefSe","Metalwork: Inverted","Wheel"
"Wheel.Chillbeat","Lofi Girl","Wheel"
"Wheel.ChocolateBox","?INT?Product","Wheel"
"Wheel.Chorus","?INT?Product","Wheel"
"Wheel.ChorusPro","?INT?Product","Wheel"
"Wheel.Chrisp01","BMW M3 (E30)","Wheel"
"Wheel.Chrisp02","Power Rangers","Wheel"
"Wheel.Chrome","Daft Punk Vinyl","Wheel"
"Wheel.ChromeB","Daft Punk Eternal","Wheel"
"Wheel.Chunky","CrossCountry","Wheel"
"Wheel.Circuit","Circuitor","Wheel"
"Wheel.Citrus","Optic","Wheel"
"Wheel.Claw","Fast & Furious Dodge Charger SRT Hellcat","Wheel"
"Wheel.Clockgear","Sprocket","Wheel"
"Wheel.Clockgear_SE","Sprocket: Infinite","Wheel"
"Wheel.Clover","Good Fortune","Wheel"
"Wheel.Cnny","Fortune","Wheel"
"Wheel.CobaltDagger01","Volkswagen Golf GTI Edition 50","Wheel"
"Wheel.Coily","Founder","Wheel"
"Wheel.Cola","Glonex","Wheel"
"Wheel.ColaHolographic","Glonex: Holographic","Wheel"
"Wheel.Compression","Revenant","Wheel"
"Wheel.Compressionwc","Revenant Pro","Wheel"
"Wheel.Concept","Sabr-619","Wheel"
"Wheel.ConceptRev","Haunted Hoss","Wheel"
"Wheel.CondorMotor01","GMC Sierra 2500 AT4X","Wheel"
"Wheel.CondorMotor02","GMC Sierra 2500 AT4X: (Off-Road)","Wheel"
"Wheel.Contrap","Centronio","Wheel"
"Wheel.Controller","ABXY","Wheel"
"Wheel.Coober","Wildstyle","Wheel"
"Wheel.CooberPsp","Anthesis RD","Wheel"
"Wheel.CoquetteHeart","Heart Attack","Wheel"
"Wheel.Courgette01","Ratatouille","Wheel"
"Wheel.CrazyShapes","Mad Rad","Wheel"
"Wheel.Creeper","Creeper","Wheel"
"Wheel.Crote","Clodhopper","Wheel"
"Wheel.CrotePsplus","Clodhopper Plus","Wheel"
"Wheel.Crush","Gernot","Wheel"
"Wheel.Cruxe","Cruxe","Wheel"
"Wheel.Crypt","Almas","Wheel"
"Wheel.Cso","Maelstrom","Wheel"
"Wheel.Cupcake","Cupcake","Wheel"
"Wheel.Cured","Pirelli","Wheel"
"Wheel.CuriousTuna01","Wheel of Thorns","Wheel"
"Wheel.CuriousTuna02","Agora","Wheel"
"Wheel.Curlingstone","Curling Stone","Wheel"
"Wheel.Cutie","Chevrolet Corvette Stingray","Wheel"
"Wheel.CutieExtra","Silver Assassin","Wheel"
"Wheel.Cutty","Saul-Good","Wheel"
"Wheel.Cutty_Negative","Saul-Good: Obverse","Wheel"
"Wheel.Cyber","Cybertread","Wheel"
"Wheel.Cyborg","Bionic","Wheel"
"Wheel.Cypink","3-Peat","Wheel"
"Wheel.Daggy","Fast 4WD","Wheel"
"Wheel.Daikon1","Dimonix: Frosted","Wheel"
"Wheel.DaikonLTE1","?INT?Product","Wheel"
"Wheel.DaikonLTE2","?INT?Product","Wheel"
"Wheel.Daisuke","Kyrios","Wheel"
"Wheel.Darkcar","Batmobile (2016)","Wheel"
"Wheel.Dartboard","Ton-Eighty","Wheel"
"Wheel.Deco","Gadabout","Wheel"
"Wheel.DecoInverted","Gadabout: Inverted","Wheel"
"Wheel.Deepdish","Stallion","Wheel"
"Wheel.Degree","Shortquarter","Wheel"
"Wheel.DegreeInverted","Shortquarter: Inverted","Wheel"
"Wheel.DegreePsplus","Blue Notch","Wheel"
"Wheel.DelsolInverted","Polyergic: Inverted","Wheel"
"Wheel.DemoneerInverted","Grievance: Inverted","Wheel"
"Wheel.Demoneyes","Darkwell","Wheel"
"Wheel.Depthglow","?INT?Product","Wheel"
"Wheel.Dieci_wg","Dieci-Oro","Wheel"
"Wheel.Diggy","MR11","Wheel"
"Wheel.Dime","Chauffeur","Wheel"
"Wheel.Dimen","Halcyon","Wheel"
"Wheel.Dinger","Orwellian","Wheel"
"Wheel.DingerInverted","Orwellian: Inverted","Wheel"
"Wheel.DinoEgg","Hatcher","Wheel"
"Wheel.Dire","Dire Wolf","Wheel"
"Wheel.Disc","CDJ","Wheel"
"Wheel.DiscoDisc","CD-RW","Wheel"
"Wheel.Discus","Frenched","Wheel"
"Wheel.Diving","?INT?Product","Wheel"
"Wheel.DivingPool","?INT?Product","Wheel"
"Wheel.Doggy","Gazella GT","Wheel"
"Wheel.Donut","Doughnut","Wheel"
"Wheel.Dpad","D-Pad","Wheel"
"Wheel.Dragon","Draco","Wheel"
"Wheel.Dragon_Fni","Draco: Frosted","Wheel"
"Wheel.Dragoncat1","deadmau5 Rave","Wheel"
"Wheel.Dragoncat2","deadmau5 Loop","Wheel"
"Wheel.DragoncatLTE","deadmau5 World","Wheel"
"Wheel.DragonEndIt","Draco (Earth)","Wheel"
"Wheel.DragonEndIt_Fire","Draco (Fire)","Wheel"
"Wheel.DragonEndIt_Water","Draco (Water)","Wheel"
"Wheel.DragonEndIt_Wind","Draco (Multichrome)","Wheel"
"Wheel.Dragonse","Draco: Holographic","Wheel"
"Wheel.Drof","Ford F-150 RLE","Wheel"
"Wheel.DrofB","Ford F-150 SE","Wheel"
"Wheel.DubT1","Volkswagen Golf GTI","Wheel"
"Wheel.DubT2","Volkswagen Golf GTI RLE","Wheel"
"Wheel.Duck","Candid","Wheel"
"Wheel.Duckie","Scrub-a-Dub","Wheel"
"Wheel.DuelingDragons","Dueling Dragons","Wheel"
"Wheel.DuelingDragonsSE","Dueling Dragons: Anodized","Wheel"
"Wheel.Dumont","Dishy","Wheel"
"Wheel.Dynamo","Rat Rod","Wheel"
"Wheel.Eagle01","Chevrolet Corvette ZR1","Wheel"
"Wheel.Ebo","?INT?Product","Wheel"
"Wheel.EboWow","Ultrastar","Wheel"
"Wheel.Ecoblu","TruBlu","Wheel"
"Wheel.Econ01","S-Tire","Wheel"
"Wheel.Edison","R/T","Wheel"
"Wheel.Edison2","Scat Pack","Wheel"
"Wheel.Eggplant","Batmobile (1989)","Wheel"
"Wheel.ElasticGold","?INT?Product","Wheel"
"Wheel.Elbo","Shotcaller","Wheel"
"Wheel.Elder","Patriarch","Wheel"
"Wheel.Elder_Pro","Patriarch Pro","Wheel"
"Wheel.Elin","Más Rápido que una Tortuga","Wheel"
"Wheel.Elote","Ms. Sweet Corn","Wheel"
"Wheel.Elp","Pelé","Wheel"
"Wheel.Elpulpo","Pulpo","Wheel"
"Wheel.ElvesB","Brainfreeze","Wheel"
"Wheel.Emerald","Emerald","Wheel"
"Wheel.Energyring","Jandertek","Wheel"
"Wheel.EnergyringSe","Jandertek: Holographic","Wheel"
"Wheel.Enspier","Glo-Rabbet","Wheel"
"Wheel.Esoto","Esoto 4R","Wheel"
"Wheel.Esoto_Inverted","Esoto 4R: Inverted","Wheel"
"Wheel.Esports01","Apex","Wheel"
"Wheel.Esports02","Ninja","Wheel"
"Wheel.Esports03Pro","MetalStar Pro","Wheel"
"Wheel.Esports04Pro","?INT?Product","Wheel"
"Wheel.Esports05_Pro","Mendoza Pro","Wheel"
"Wheel.Estrella","Jak'd","Wheel"
"Wheel.EstrellaNegative","Jak'd: Obverse","Wheel"
"Wheel.EstSocialNegative","?INT?Product","Wheel"
"Wheel.Etb","E.T.","Wheel"
"Wheel.EvilOrnament01","Death Star","Wheel"
"Wheel.EvilOrnament02","The Empire","Wheel"
"Wheel.Exotic","Troika","Wheel"
"Wheel.ExoticFlare","Troika: Inverted","Wheel"
"Wheel.Express","Parabolic","Wheel"
"Wheel.Eyeye","?INT?Product","Wheel"
"Wheel.FakeSugar","IO","Wheel"
"Wheel.FakesugarPsplus","IO Au","Wheel"
"Wheel.FakeSugarSE_INF","IO","Wheel"
"Wheel.FancyCarriage","Barouche","Wheel"
"Wheel.FancyFlake01","Dodge Viper GTS-R","Wheel"
"Wheel.Fbrn","Ford Bronco Raptor RLE","Wheel"
"Wheel.Fcacm","AC Milan (PUMA x KOCHÉ)","Wheel"
"Wheel.Feline","K.I.T.T.","Wheel"
"Wheel.Felines","K.I.T.T.","Wheel"
"Wheel.Feno","Softset","Wheel"
"Wheel.FenoWireframe","Softset: Schematized","Wheel"
"Wheel.Ferris","Ferris","Wheel"
"Wheel.Fireplace","Holiday Hearth","Wheel"
"Wheel.Fireplug","Fireplug","Wheel"
"Wheel.Fishroll","Sushi Roller","Wheel"
"Wheel.Fishswarm","School'd","Wheel"
"Wheel.Flam","Flim-Flam","Wheel"
"Wheel.Flaminverted","Flim-Flam: Inverted","Wheel"
"Wheel.Flobro","Flobro","Wheel"
"Wheel.Flor","Mt. E","Wheel"
"Wheel.FlorWireframe","Mt. E: Schematized","Wheel"
"Wheel.Flow","Artifice","Wheel"
"Wheel.Flowbro","?INT?Product","Wheel"
"Wheel.Flowerboom","Acero-Florentina","Wheel"
"Wheel.FlowerChild","Flower Child","Wheel"
"Wheel.FlowerDog","Floret","Wheel"
"Wheel.FlowerDogInfinity","Floret: Infinite","Wheel"
"Wheel.Fluffy","Nomster","Wheel"
"Wheel.Fnlp","Llama","Wheel"
"Wheel.Focaccia","SLK","Wheel"
"Wheel.FocacciaPsplus","SLK-VL","Wheel"
"Wheel.FocacciaXbg","?INT?Product","Wheel"
"Wheel.Follin","Diomedes","Wheel"
"Wheel.Football","NFL","Wheel"
"Wheel.Forge","Trahere","Wheel"
"Wheel.Fork","Finny","Wheel"
"Wheel.Formula3","Skeez","Wheel"
"Wheel.Formulatwo","Y.O.U.","Wheel"
"Wheel.FR01","Gyre","Wheel"
"Wheel.FR03","Metal-Carpus","Wheel"
"Wheel.FR03_Inverted","Metal-Carpus: Inverted","Wheel"
"Wheel.Fr03Infinity","?INT?Product","Wheel"
"Wheel.FR22","FR-22","Wheel"
"Wheel.Fracture","Pirelli","Wheel"
"Wheel.Fred","?INT?Product","Wheel"
"Wheel.Freepin","Air Jordan 11 ""Gratitude""","Wheel"
"Wheel.Fridge","Stella","Wheel"
"Wheel.Fridge_SE","Stella: Inverted","Wheel"
"Wheel.Friend","Party Up","Wheel"
"Wheel.Frio","Piercer","Wheel"
"Wheel.Frio_Crystal","Piercer: Crystallized","Wheel"
"Wheel.Frito","?INT?Product","Wheel"
"Wheel.Frog","Turtle Van Stock","Wheel"
"Wheel.Frog2LTE","Shredders","Wheel"
"Wheel.Fsl","FSL","Wheel"
"Wheel.FSLSE","FSL-B: Flare","Wheel"
"Wheel.Fuego","Fast & Furious Pontiac Fiero","Wheel"
"Wheel.FuegoB","Fast & Furious Pontiac Fiero","Wheel"
"Wheel.Fullgraphix","Laberinto","Wheel"
"Wheel.Furniss","Lustrum X10","Wheel"
"Wheel.Futura","High Range","Wheel"
"Wheel.Futurewave","Futura Diodes","Wheel"
"Wheel.Gaiden","Gaiden","Wheel"
"Wheel.GaidenAnodized","?INT?Product","Wheel"
"Wheel.Galaxy","Chevrolet Astro","Wheel"
"Wheel.Garage01","Ferrari F40","Wheel"
"Wheel.Gear7","NeonFlux","Wheel"
"Wheel.Gearlock","Gearlock","Wheel"
"Wheel.Gearlock_FF","Gearlock BK","Wheel"
"Wheel.Gec","Lit Lizard","Wheel"
"Wheel.GecFlare","Lit Lizard: Roasted","Wheel"
"Wheel.Gelis","Anthesis","Wheel"
"Wheel.Genie","Genie Lamp","Wheel"
"Wheel.Geo","BLSSM","Wheel"
"Wheel.Geode","Spineral","Wheel"
"Wheel.Getsi","Moko","Wheel"
"Wheel.GildedVersailles","Deity","Wheel"
"Wheel.GildedVersaillesSE","Deity: Radiant","Wheel"
"Wheel.Gilliam","Vulcan","Wheel"
"Wheel.Glassy","Triplex","Wheel"
"Wheel.GlassyPSP","Triplex PK","Wheel"
"Wheel.Glitch","Glitch","Wheel"
"Wheel.GlitchGlitch","Glitch: Glitched","Wheel"
"Wheel.GlitchGlitchPSP","Glitch P+M","Wheel"
"Wheel.Glitter","Glitterati","Wheel"
"Wheel.Globe","Celestial I","Wheel"
"Wheel.Globe_Tier2","Celestial II","Wheel"
"Wheel.Gnarly","Charly","Wheel"
"Wheel.Gnome","Gnome Light","Wheel"
"Wheel.Goblin","Imptekk","Wheel"
"Wheel.Golden","Apparatus","Wheel"
"Wheel.GoldenLychee","Spin Dash","Wheel"
"Wheel.GoldenLychee02","?INT?Product","Wheel"
"Wheel.GoldenLycheeLTE01","Speedster","Wheel"
"Wheel.GoldenLycheeLTE04","Land Smasher","Wheel"
"Wheel.GoldenSe","Apparatus: Inverted","Wheel"
"Wheel.GoldLens","Z-RO","Wheel"
"Wheel.GoldLensSE","Z-RO: Inverted","Wheel"
"Wheel.GoldLine","Goldline","Wheel"
"Wheel.GoldLineSE","Goldline: Inverted","Wheel"
"Wheel.Golf","?INT?Product","Wheel"
"Wheel.Googie","Populuxe","Wheel"
"Wheel.Goopy","Hotty Dotty","Wheel"
"Wheel.GoopyInverted","Hotty Dotty: Inverted","Wheel"
"Wheel.Gordi","Disc-bliss","Wheel"
"Wheel.Goth","Brutalist","Wheel"
"Wheel.Gothic","Cathedral","Wheel"
"Wheel.Gray","AC Milan (Puma x Off-White)","Wheel"
"Wheel.GreenClaw01","'Za Cruisers","Wheel"
"Wheel.GreyCar","Back to '55","Wheel"
"Wheel.GreyCarB","Dark '85","Wheel"
"Wheel.GS","Shima","Wheel"
"Wheel.GSSEBlackout","?INT?Product","Wheel"
"Wheel.GSSEInfinity","Shima","Wheel"
"Wheel.Gustan","Sandlure","Wheel"
"Wheel.Gutted","Chummy","Wheel"
"Wheel.Hamhock","Hamhock","Wheel"
"Wheel.Hamster","Hamster","Wheel"
"Wheel.HamsterWheelHolographic","Hamster: Holographic","Wheel"
"Wheel.Hanzawa","Masato","Wheel"
"Wheel.HanzawaPSplus","Masato P+G","Wheel"
"Wheel.HardPoint","Drillbit","Wheel"
"Wheel.HardPointSE","Drillbit: Remix","Wheel"
"Wheel.Heaven","007's Aston Martin Valhalla","Wheel"
"Wheel.HeavyA","Lightning Ride","Wheel"
"Wheel.HeavyB","Forever Metal","Wheel"
"Wheel.Hellfire","Hellfire","Wheel"
"Wheel.HellfireSE","Hellfire: Roasted","Wheel"
"Wheel.Helloholo","Hoopaloop","Wheel"
"Wheel.HelloHolo_Pbr","Hoopaloop: Holographic","Wheel"
"Wheel.Hhdoll","Good Guys","Wheel"
"Wheel.Hhhide","Leatherface's Chainsaw","Wheel"
"Wheel.Hhpuzzle","Jigsaw Blade","Wheel"
"Wheel.HIC","Honda Civic Type R","Wheel"
"Wheel.Hiro","Hiro","Wheel"
"Wheel.HiroSe","?INT?Product","Wheel"
"Wheel.HolidayB","Ring-a-ling","Wheel"
"Wheel.HolidayD","Mistletoe","Wheel"
"Wheel.Holodrone","Holodrone","Wheel"
"Wheel.HologramTier1","Troublemaker I","Wheel"
"Wheel.HologramTier2","Troublemaker II","Wheel"
"Wheel.HologramTier3","Troublemaker III","Wheel"
"Wheel.HologramTier4","Troublemaker IV","Wheel"
"Wheel.Holoheart","Holosphere","Wheel"
"Wheel.Holok","?INT?Product","Wheel"
"Wheel.Honeycomb","HNY","Wheel"
"Wheel.HoneycombInverted","HNY: Inverted","Wheel"
"Wheel.Hotto","Fire Drake","Wheel"
"Wheel.HQ","Harley Quinn","Wheel"
"Wheel.HtA","Oogie's Winch","Wheel"
"Wheel.HtB","Spiral Hill","Wheel"
"Wheel.HtC","Giant Snake","Wheel"
"Wheel.HtD","Man-Eating Wreath","Wheel"
"Wheel.Hug","Scorpion Kombat","Wheel"
"Wheel.Hug2","Sub-Zero Kombat","Wheel"
"Wheel.Hurl","Centro","Wheel"
"Wheel.Hyberlite","?INT?Product","Wheel"
"Wheel.Hydra","Stern","Wheel"
"Wheel.Hyperlite","Hyperlite","Wheel"
"Wheel.Hypertech","Cyberware","Wheel"
"Wheel.Hypnos","Hypnotik","Wheel"
"Wheel.Icing","?INT?Product","Wheel"
"Wheel.Igtyjr","Truncheon","Wheel"
"Wheel.Import","?INT?Product","Wheel"
"Wheel.IncineratorSe","Rocket Forge II: Holographic","Wheel"
"Wheel.IncineratorTier1","Rocket Forge I","Wheel"
"Wheel.IncineratorTier2","Rocket Forge II","Wheel"
"Wheel.InfinityMirror","Infinium","Wheel"
"Wheel.Inn","Thread-X2","Wheel"
"Wheel.Insectoid","CNTCT-1","Wheel"
"Wheel.InsectoidInfinity","CNTCT-1: Infinite","Wheel"
"Wheel.IvoryCascade01","Lamborghini Temerario GT3","Wheel"
"Wheel.Jazz","WWE","Wheel"
"Wheel.Jetset","MR. PROFESSOR","Wheel"
"Wheel.Joko","Joko XL","Wheel"
"Wheel.Junk","Pointed Posts","Wheel"
"Wheel.Jzwsp19blue","Vanemail 482","Wheel"
"Wheel.Jzwsp19red","Vanemail 633","Wheel"
"Wheel.Kaytoo","K-2SO","Wheel"
"Wheel.Keeta","CleanCog","Wheel"
"Wheel.Kettle","Dynamo","Wheel"
"Wheel.Kick1","Bundesliga","Wheel"
"Wheel.Kick2","Bundesliga Match Ball","Wheel"
"Wheel.Kitty01","PUMA Hex","Wheel"
"Wheel.Kiwikiller","Kiwi","Wheel"
"Wheel.KK","Kaskade","Wheel"
"Wheel.Koitoi","Koi Void","Wheel"
"Wheel.Kozmo","Novarray","Wheel"
"Wheel.Kuri","Forerunner","Wheel"
"Wheel.Kuriflare","Forerunner: Roasted","Wheel"
"Wheel.Lantern","Lamp Lighter","Wheel"
"Wheel.Laserstar","Lazergrid","Wheel"
"Wheel.LaserstarSE","Lazergrid: Inverted","Wheel"
"Wheel.Latch","Industrail","Wheel"
"Wheel.Latchkey","Cupola","Wheel"
"Wheel.LatchSE","Industrial: Radiant","Wheel"
"Wheel.Lava","Darth Maul","Wheel"
"Wheel.Lavacake","Muscle Boy","Wheel"
"Wheel.LavaCrystal","?INT?Product","Wheel"
"Wheel.Law","Diamond Hearted","Wheel"
"Wheel.Law02","Walkzz","Wheel"
"Wheel.LawnAero01","?INT?Product","Wheel"
"Wheel.LawnAero02","?INT?Product","Wheel"
"Wheel.LawnAero03","?INT?Product","Wheel"
"Wheel.Lawrence","Defender D7X-R","Wheel"
"Wheel.Layercake","?INT?Product","Wheel"
"Wheel.Lazarus","Lazarus","Wheel"
"Wheel.LazarusHatch","?INT?Product","Wheel"
"Wheel.LazarusSE","Lazarus: Radiant","Wheel"
"Wheel.Lean","Santa Fe","Wheel"
"Wheel.Leeko","Shellington","Wheel"
"Wheel.Legojinn","?INT?Product","Wheel"
"Wheel.Legs","Off-Road Tactical","Wheel"
"Wheel.Lemonade","HRB-20","Wheel"
"Wheel.Lettuce","?INT?Product","Wheel"
"Wheel.Levain","Decennium","Wheel"
"Wheel.Lightning","Voltaic","Wheel"
"Wheel.LightWheel","Photon","Wheel"
"Wheel.Lime","LS 9000","Wheel"
"Wheel.Lime2","Stampede","Wheel"
"Wheel.LimeWireframe","LS 9000: Schematized","Wheel"
"Wheel.Lionsmane01","Pickled","Wheel"
"Wheel.Litetier1","Philoscope I","Wheel"
"Wheel.Litetier2","Philoscope II","Wheel"
"Wheel.Litetier3","Philoscope III","Wheel"
"Wheel.Locomo","Locomo","Wheel"
"Wheel.Logger","Timbertyre","Wheel"
"Wheel.LoneWolf","Lobo","Wheel"
"Wheel.Lotusbloom","Bloomer","Wheel"
"Wheel.LotusRev","?INT?Product","Wheel"
"Wheel.LuckyOnyx01","Anti-Magic","Wheel"
"Wheel.LuminousAirplane01","Air Jordan","Wheel"
"Wheel.LuminousAirplaneLTE01","Jordan Joga Sinistro","Wheel"
"Wheel.Lux","Carat Cutter","Wheel"
"Wheel.Macht01","Mercedes-AMG GT 63 S","Wheel"
"Wheel.Mage","Dragonscale","Wheel"
"Wheel.Maglock","?INT?Product","Wheel"
"Wheel.Magnet","Ford Mustang Shelby GT500","Wheel"
"Wheel.Mandala","Mandala","Wheel"
"Wheel.MandalaInfinity","Mandala: Infinite","Wheel"
"Wheel.Manhole","Manhole Cover","Wheel"
"Wheel.Manno","Galvan","Wheel"
"Wheel.MannoSe","Galvan: Holographic","Wheel"
"Wheel.Manual","Pontiac Firebird","Wheel"
"Wheel.Maple","Jurassic Jeep® Wrangler","Wheel"
"Wheel.MapleB","Jurassic Jeep® Wrangler","Wheel"
"Wheel.MapleRed","?INT?Product","Wheel"
"Wheel.Marauder","Marauder","Wheel"
"Wheel.Math","EZ","Wheel"
"Wheel.Maxis","Glaive","Wheel"
"Wheel.Maxis_PSPlus","PG Glaive","Wheel"
"Wheel.MaxisSe","Glaive: Inverted","Wheel"
"Wheel.McFace","Mr. Freeze","Wheel"
"Wheel.Mecanum","MechMania","Wheel"
"Wheel.melonpan","Fast & Furious Nissan Skyline","Wheel"
"Wheel.melonpanb","Fast & Furious Nissan Skyline","Wheel"
"Wheel.Membrane","3-Lobe","Wheel"
"Wheel.Mendoza","Mendoza","Wheel"
"Wheel.Mermaid","Ved-ava I","Wheel"
"Wheel.MermaidTier2","Ved-ava II","Wheel"
"Wheel.Mesto","Ault-SPL","Wheel"
"Wheel.Micas","Orbit","Wheel"
"Wheel.Mild","Tremor","Wheel"
"Wheel.Mild_PSplus","GB Tremor","Wheel"
"Wheel.MildSe","Tremor: Inverted","Wheel"
"Wheel.Ming","Dynasty","Wheel"
"Wheel.MizutaniSe","Hikari P5: Infinite","Wheel"
"Wheel.Mob","Neptune","Wheel"
"Wheel.Moe","Moentage","Wheel"
"Wheel.MoeInverted","Moentage: Inverted","Wheel"
"Wheel.Moist","Reticle","Wheel"
"Wheel.Mondo","Intercooler","Wheel"
"Wheel.MondoInverted","Intercooler: Inverted","Wheel"
"Wheel.Monstermouth","Gnaw'd","Wheel"
"Wheel.Moodie","Endcap","Wheel"
"Wheel.Mooncake1","Punch","Wheel"
"Wheel.Mooncake2","Cyborg","Wheel"
"Wheel.Moonpaws","Moonpaw","Wheel"
"Wheel.Moshi","?INT?Product","Wheel"
"Wheel.Mudpie01","Jeep Wrangler Rubicon","Wheel"
"Wheel.Mudpie02","Jeep Wrangler Rubicon (Off-Road)","Wheel"
"Wheel.Muffin","Samus's Gunship","Wheel"
"Wheel.Murk","Wade Carefully","Wheel"
"Wheel.NCT","Goodyear Racing","Wheel"
"Wheel.Neka","Proffer","Wheel"
"Wheel.NekaHatch","Proffer: Hatch","Wheel"
"Wheel.Neo","Esper","Wheel"
"Wheel.NeonPunk","Pressurance","Wheel"
"Wheel.NeoWheel","Masamune","Wheel"
"Wheel.NeptuneShell01","Maserati G2 Stradale","Wheel"
"Wheel.Nerve","Plasmatic","Wheel"
"Wheel.Newtonball","BB-8","Wheel"
"Wheel.Nico1","Interchiller","Wheel"
"Wheel.Nightshade","Poptop","Wheel"
"Wheel.NightshadeInverted","Poptop: Inverted","Wheel"
"Wheel.Nihility","Mirrorbell","Wheel"
"Wheel.NihilitySE","Mirrorball: Radiant","Wheel"
"Wheel.Nils","Crosspiece","Wheel"
"Wheel.NilsHolographic","Crosspiece: Holographic","Wheel"
"Wheel.Ninja","Spyder","Wheel"
"Wheel.Ninja_Gilded","Spyder: Anniversary Edition","Wheel"
"Wheel.Nirvana","Starcade","Wheel"
"Wheel.Noya","Starshard","Wheel"
"Wheel.Nst_St","Starcourt","Wheel"
"Wheel.Nuhai","MTRX","Wheel"
"Wheel.NuhaiInverted","MTRX: Inverted","Wheel"
"Wheel.Numb01","Aston Martin Valhalla","Wheel"
"Wheel.Numb02","Hogwarts Crest","Wheel"
"Wheel.Number6","Proteus","Wheel"
"Wheel.Nunya","Nunya","Wheel"
"Wheel.Oblong","Lamborghini Huracán STO v1","Wheel"
"Wheel.OblongB","Lamborghini Huracán STO v2","Wheel"
"Wheel.Obscure","Meridian","Wheel"
"Wheel.OctaneNeonLight","Neon Octane","Wheel"
"Wheel.Octo","Caged Kraken","Wheel"
"Wheel.October","Stay Puft","Wheel"
"Wheel.Odism","Yankii RL","Wheel"
"Wheel.OdismSe","Yankii RL: Infinite","Wheel"
"Wheel.OEM","OEM","Wheel"
"Wheel.OEMPlus","OEM+","Wheel"
"Wheel.Offroad","Foreman","Wheel"
"Wheel.OffsetracerSE","Saptarishi: Inverted","Wheel"
"Wheel.OiiBeep","R2-D2","Wheel"
"Wheel.OiiOpccc","C-3PO","Wheel"
"Wheel.Olan","Bad Rad","Wheel"
"Wheel.Olay","Holofield","Wheel"
"Wheel.Omikron","Omnikron","Wheel"
"Wheel.OmikronHolographic","Omnikron: Holographic","Wheel"
"Wheel.Onetrue","Torque TX","Wheel"
"Wheel.OnetrueNegative","Torque TX: Inverted","Wheel"
"Wheel.Oni","Oni","Wheel"
"Wheel.OniInverted","Oni: Inverted","Wheel"
"Wheel.Onix","Onix","Wheel"
"Wheel.OpticOrange01","Gummi Ship","Wheel"
"Wheel.OpticOrange02","Heartless","Wheel"
"Wheel.OpticOrangeLTE01","Lucky Emblem","Wheel"
"Wheel.OrangeD","Riderush","Wheel"
"Wheel.Orbis","Torbis","Wheel"
"Wheel.Orted","Halfsies","Wheel"
"Wheel.Osimbo","Galaxial","Wheel"
"Wheel.OSW","Kustom","Wheel"
"Wheel.Ow1","?INT?Product","Wheel"
"Wheel.Ow2","?INT?Product","Wheel"
"Wheel.PaperCut","Paper-Cut","Wheel"
"Wheel.PaperLantern","?INT?Product","Wheel"
"Wheel.Peachfork","Poly-Lite","Wheel"
"Wheel.Pearlroller","TRI-2050","Wheel"
"Wheel.Pedigree","Veloce","Wheel"
"Wheel.Peppermint","Peppermint","Wheel"
"Wheel.Perl","Asik","Wheel"
"Wheel.PerlPsplus","Asik SKB","Wheel"
"Wheel.PerlSe","Asik: Infinite","Wheel"
"Wheel.Perri","Benchwarmer","Wheel"
"Wheel.Petacioracer","Petacio","Wheel"
"Wheel.Petal4","Florist","Wheel"
"Wheel.Pete","Fast & Furious Mazda RX-7","Wheel"
"Wheel.Phantom","Visionary","Wheel"
"Wheel.Phantoom","Crypt-id","Wheel"
"Wheel.Phonedial","Fellout","Wheel"
"Wheel.Pickle","Void Gold","Wheel"
"Wheel.Pickle2","ROY G BUFFY","Wheel"
"Wheel.Pickle3","Void BUFFY","Wheel"
"Wheel.PickleJuice","I-Mod","Wheel"
"Wheel.Piesy","Wrench-Roller","Wheel"
"Wheel.Pigskin","Extra Yard","Wheel"
"Wheel.Pill","Mothership Pro","Wheel"
"Wheel.Pillfree","Mothership","Wheel"
"Wheel.PillInverted","Mothership Pro: Inverted","Wheel"
"Wheel.Pinata","Piñata","Wheel"
"Wheel.Pinball","Pinball","Wheel"
"Wheel.Pinklemonade","?INT?Product","Wheel"
"Wheel.Pinklemonadeb","Pro-Tek","Wheel"
"Wheel.Pinwheel","Bladeon","Wheel"
"Wheel.PinWheelInverted","Bladeon: Inverted","Wheel"
"Wheel.PixelMelon","Pixel Melon","Wheel"
"Wheel.PixelPizza","Pixelated Pizza","Wheel"
"Wheel.Pixie","Lightyear Racing","Wheel"
"Wheel.PixieB","Lightyear Dinoco","Wheel"
"Wheel.PixieCruisin","Lightyear Whitewall","Wheel"
"Wheel.Pizzacrustpunk","Stuffed Crust","Wheel"
"Wheel.Plasm","Ghostbusters","Wheel"
"Wheel.Pm","?INT?Product","Wheel"
"Wheel.PmSe","?INT?Product","Wheel"
"Wheel.Pmwing","Rise Rollers","Wheel"
"Wheel.Poach","Collateral","Wheel"
"Wheel.Pointy","Shuriken","Wheel"
"Wheel.Polishdog","Churchkey","Wheel"
"Wheel.Prairie","Buckboard","Wheel"
"Wheel.Precision","Jayvyn","Wheel"
"Wheel.Propeller","Propeller","Wheel"
"Wheel.PropellerInverted","Propeller: Inverted","Wheel"
"Wheel.Proto01","Pulsus","Wheel"
"Wheel.Proto02","Looper","Wheel"
"Wheel.Proto04","Discotheque","Wheel"
"Wheel.Proto07","Equalizer","Wheel"
"Wheel.Proto09","Zomba","Wheel"
"Wheel.Proto09Esports","?INT?Product","Wheel"
"Wheel.Proto09esportstf","RL Esports 2022","Wheel"
"Wheel.Proto09Glitched","Zomba: Glitched","Wheel"
"Wheel.Proto10","ARA-51","Wheel"
"Wheel.Proto11","Chrono","Wheel"
"Wheel.Proto12","Roulette","Wheel"
"Wheel.Proto13","Kalos","Wheel"
"Wheel.Proto14","GA-819 HB","Wheel"
"Wheel.Proto15","Clockwork","Wheel"
"Wheel.Proto16","Wonderment","Wheel"
"Wheel.Psy3","DR-PSY3","Wheel"
"Wheel.Psyonix","Psyonix","Wheel"
"Wheel.PsyonixAnni","Psyonix II","Wheel"
"Wheel.Pumpernickel","Turbine","Wheel"
"Wheel.Purrito","?INT?Product","Wheel"
"Wheel.Quads","Franko Fone","Wheel"
"Wheel.QuadsInverted","Franko Fone: Inverted","Wheel"
"Wheel.Quartz","007's Aston Martin DBS","Wheel"
"Wheel.Quasideztl","Q-Runner","Wheel"
"Wheel.Que","Maxle-PA","Wheel"
"Wheel.Racer","Z-Town","Wheel"
"Wheel.Rafael","Ferrari 296 GTB","Wheel"
"Wheel.Rage","ANDR01D","Wheel"
"Wheel.RageA","Lamborghini Countach LPI 800-4","Wheel"
"Wheel.RageB","Lamborghini Countach 70's","Wheel"
"Wheel.Rainbow","Love ISLV","Wheel"
"Wheel.Ran","McLaren 765LT","Wheel"
"Wheel.RanB","McLaren 765LT (Black)","Wheel"
"Wheel.Range","Gripstride HX","Wheel"
"Wheel.RangeSe","Gripstride HX: Inverted","Wheel"
"Wheel.Rangler","Cybernetic","Wheel"
"Wheel.Rapar","Wellsian","Wheel"
"Wheel.Ray","Whiteside","Wheel"
"Wheel.Razzlemadoo","Razzle","Wheel"
"Wheel.RBG","?INT?Product","Wheel"
"Wheel.Reactor","Reactor","Wheel"
"Wheel.Reaper","Reaper","Wheel"
"Wheel.ReaperInverted","Reaper: Inverted","Wheel"
"Wheel.ReaperPsplus","Reaper GE","Wheel"
"Wheel.ReaperXbg","Reaper XS","Wheel"
"Wheel.Redside","Shinkei","Wheel"
"Wheel.Regrahc","FLT","Wheel"
"Wheel.Remo","Zadeh S3","Wheel"
"Wheel.RemoInverted","Zadeh S3: Inverted","Wheel"
"Wheel.Reverb","REEVRB","Wheel"
"Wheel.RevivalLine01","?INT?Product","Wheel"
"Wheel.RevivalLine02","?INT?Product","Wheel"
"Wheel.Revolution","Alchemist","Wheel"
"Wheel.Revolver","Chambered","Wheel"
"Wheel.Rhino2","Rhino","Wheel"
"Wheel.Ridge","Pyrrhos","Wheel"
"Wheel.RidgeSe","Pyrrhos: Inverted","Wheel"
"Wheel.RingerA","Mutant Brotherhood","Wheel"
"Wheel.RingerB","X-Men","Wheel"
"Wheel.Rio","Ram 1500 RHO","Wheel"
"Wheel.Risoli","Dunetune","Wheel"
"Wheel.RL","RLHP","Wheel"
"Wheel.RL03","Furnacer","Wheel"
"Wheel.RL071","Webthread","Wheel"
"Wheel.RL095","Hi-Hat","Wheel"
"Wheel.RL100CRT","CRT","Wheel"
"Wheel.RL101","Ted-Tech","Wheel"
"Wheel.RL102","RedDot","Wheel"
"Wheel.RL104","Sensei","Wheel"
"Wheel.RL105","Brewha","Wheel"
"Wheel.RL105T2","Brewha: Inverted","Wheel"
"Wheel.RL106","Lamborghini: Toro","Wheel"
"Wheel.RL107hamilton","Lewis Hamilton - Street Legal","Wheel"
"Wheel.rl108","Grungy","Wheel"
"Wheel.RL110","Blockout","Wheel"
"Wheel.RL111Snake","Slithery","Wheel"
"Wheel.RL112","Win Column","Wheel"
"Wheel.RL113","Heirloom","Wheel"
"Wheel.RL114","Tipoff","Wheel"
"Wheel.RL115","Del Rey","Wheel"
"Wheel.RL116","X-Opps","Wheel"
"Wheel.RL117","DigDog","Wheel"
"Wheel.rl118","Flycon","Wheel"
"Wheel.RL119","Ford Mustang GTD","Wheel"
"Wheel.RL119B","Ford Mustang GTD (2-Tone)","Wheel"
"Wheel.RL123","Compass","Wheel"
"Wheel.RL124","Origata","Wheel"
"Wheel.RL128","?INT?Product","Wheel"
"Wheel.RL128SE","?INT?Product","Wheel"
"Wheel.RL130","Foolcrum","Wheel"
"Wheel.RL131","Aquatank","Wheel"
"Wheel.rl133","Webwork","Wheel"
"Wheel.RL134","Ball-R","Wheel"
"Wheel.RL135","Psycic","Wheel"
"Wheel.RL135B","Ollie","Wheel"
"Wheel.RL135C","Ollie: Revolved","Wheel"
"Wheel.rl135T1","Ollie","Wheel"
"Wheel.RL135T2","Ollie: Revolved","Wheel"
"Wheel.RL138","?INT?Product","Wheel"
"Wheel.RL139","?INT?Product","Wheel"
"Wheel.RL142","?INT?Product","Wheel"
"Wheel.RL148","Waterjug","Wheel"
"Wheel.rl149","Cephalopod","Wheel"
"Wheel.RL152OR","Behemoth","Wheel"
"Wheel.RL152OR2","Behemoth Blackout","Wheel"
"Wheel.RL152Sport","Lockjaw","Wheel"
"Wheel.RL152Sport2","Lockjaw Sport","Wheel"
"Wheel.RL153","Cyber","Wheel"
"Wheel.RL154","So-Low","Wheel"
"Wheel.RL155","Fastenista","Wheel"
"Wheel.RL156","Starchain","Wheel"
"Wheel.RL157","Nissan Fairlady Z","Wheel"
"Wheel.RL158","?INT?Product","Wheel"
"Wheel.RL158ww","SD Whitewall","Wheel"
"Wheel.RL160","Porsche 911 GT3 RS","Wheel"
"Wheel.RL160Red","Porsche 911 GT3 RS (Pyro Red)","Wheel"
"Wheel.RL162","BMW 1 Series","Wheel"
"Wheel.RL163","BMW 1 Series RLE","Wheel"
"Wheel.RL165","Tread Dread","Wheel"
"Wheel.RL167","McLaren Senna","Wheel"
"Wheel.RL168","Lamborghini Urus SE","Wheel"
"Wheel.RL170","Center Square","Wheel"
"Wheel.RL176","Nissan Skyline GT-R (R32)","Wheel"
"Wheel.RL184","City Central","Wheel"
"Wheel.RL185","Champ Trophy","Wheel"
"Wheel.RL186","Hot Hex","Wheel"
"Wheel.RL190","TriTrim","Wheel"
"Wheel.RL191","Go-To","Wheel"
"Wheel.RL192","Kross","Wheel"
"Wheel.RL194","UG-66","Wheel"
"Wheel.RL195","Picture This","Wheel"
"Wheel.RL196","Constellar","Wheel"
"Wheel.RL196SE","Constellar: Infinite","Wheel"
"Wheel.RL197","Mk Muscle","Wheel"
"Wheel.RL197A","Securitor","Wheel"
"Wheel.RL197C","?INT?Product","Wheel"
"Wheel.RL198","Jet Engine","Wheel"
"Wheel.RL199","Landing Gear","Wheel"
"Wheel.RL1991","Tread Runner","Wheel"
"Wheel.RL1993","Turbind","Wheel"
"Wheel.RL200","?INT?Product","Wheel"
"Wheel.RL205","Steerer","Wheel"
"Wheel.RL206Steely","Classic","Wheel"
"Wheel.RL209","Meticulous","Wheel"
"Wheel.RL209SE","Chromium","Wheel"
"Wheel.RL213","Bubble Wrapped","Wheel"
"Wheel.RL217","Tread Cast","Wheel"
"Wheel.RL218","Holosight","Wheel"
"Wheel.RL218SE","Holosight: Holographic","Wheel"
"Wheel.RL231","Frame-Reign","Wheel"
"Wheel.RL232","No Cap","Wheel"
"Wheel.RL232SE","No Cap: Inverted","Wheel"
"Wheel.RL238","Temple","Wheel"
"Wheel.RL240","CR24","Wheel"
"Wheel.RL244","Rollback","Wheel"
"Wheel.RL246","?INT?Product","Wheel"
"Wheel.RL247","?INT?Product","Wheel"
"Wheel.RL248","?INT?Product","Wheel"
"Wheel.RL249","?INT?Product","Wheel"
"Wheel.RL251","Maelstrom Razor","Wheel"
"Wheel.RL251SE","Maelstrom Razor: Radiant","Wheel"
"Wheel.RL252","Disposer","Wheel"
"Wheel.RL253","Disc Drive","Wheel"
"Wheel.RL254","?INT?Product","Wheel"
"Wheel.RL255","?INT?Product","Wheel"
"Wheel.RL256","?INT?Product","Wheel"
"Wheel.RL259","Kick","Wheel"
"Wheel.RL260","Stinger","Wheel"
"Wheel.RL262","Heat Lightning","Wheel"
"Wheel.RL263","?INT?Product","Wheel"
"Wheel.RL264","Gold Band","Wheel"
"Wheel.RL267","?INT?Product","Wheel"
"Wheel.RL268","?INT?Product","Wheel"
"Wheel.RL269","?INT?Product","Wheel"
"Wheel.RL271","Axion","Wheel"
"Wheel.RL273","Neo Sketch","Wheel"
"Wheel.RL273SE","Neo Sketch: Radiant","Wheel"
"Wheel.RL275","Art Wrecko","Wheel"
"Wheel.RL275SE","Art Wrecko: Holographic","Wheel"
"Wheel.RL278","Chief","Wheel"
"Wheel.RL278SE","Chief: Frosted","Wheel"
"Wheel.RL28","Bracketeer","Wheel"
"Wheel.RL28SeWireframe","Bracketeer: Schematized","Wheel"
"Wheel.RL30","IceLife","Wheel"
"Wheel.RL31","?INT?Product","Wheel"
"Wheel.RL34","Stockshock","Wheel"
"Wheel.RL35","Estrella","Wheel"
"Wheel.RL35Coloredlines","Estrella: Prismatic","Wheel"
"Wheel.rl36","Hyperhum","Wheel"
"Wheel.RL36Inverted","Hyperhum: Inverted","Wheel"
"Wheel.RL37","Spacerocker","Wheel"
"Wheel.RL37Radiant","Spacerocker: Radiant","Wheel"
"Wheel.RL38","Pentarota","Wheel"
"Wheel.RL39","Manipulator","Wheel"
"Wheel.RL39Radiant","Manipulator: Radiant","Wheel"
"Wheel.RL40","Eleganto","Wheel"
"Wheel.RL40Wireframe","Eleganto: Schematized","Wheel"
"Wheel.RL49","Barrio","Wheel"
"Wheel.RL50","?INT?Product","Wheel"
"Wheel.RL51","Scoot","Wheel"
"Wheel.RL54","Valor","Wheel"
"Wheel.RL55","Munzonic","Wheel"
"Wheel.rl64","Chainlink","Wheel"
"Wheel.RL65","Nagamaki","Wheel"
"Wheel.rl66","Scrimmy","Wheel"
"Wheel.RL66Radiant","Scrimmy: Radiant","Wheel"
"Wheel.rl67","?INT?Product","Wheel"
"Wheel.RL68Booster","Slotted","Wheel"
"Wheel.rl69","Supporter","Wheel"
"Wheel.RL69ColoredLines","Supporter: Prismatic","Wheel"
"Wheel.RL70","Cargo","Wheel"
"Wheel.RL70Inverted","Cargo: Inverted","Wheel"
"Wheel.rl72","Tri-Cast","Wheel"
"Wheel.RL72holographic","Tri-Cast: Holographic","Wheel"
"Wheel.RL83","Ball-Life","Wheel"
"Wheel.RL830","Grind-On","Wheel"
"Wheel.RL83Holo","Ball-Life: Holographic","Wheel"
"Wheel.RL84","Giga-Hurts","Wheel"
"Wheel.RL86T1","Staggerstyle","Wheel"
"Wheel.RL86T2","Staggerstyle: Radiant","Wheel"
"Wheel.RL87T1","RP-TV","Wheel"
"Wheel.RL87T2","RP-TV II","Wheel"
"Wheel.RL88","Steamed","Wheel"
"Wheel.RL89","Nikola","Wheel"
"Wheel.RL90","?INT?Product","Wheel"
"Wheel.RL94","Spokeshow","Wheel"
"Wheel.RL96","Aperture","Wheel"
"Wheel.RL98","Bean-Machine","Wheel"
"Wheel.RL99T2","?INT?Product","Wheel"
"Wheel.RL_026","Flatcap","Wheel"
"Wheel.RL_027","QuarterRoll","Wheel"
"Wheel.RL_031","?INT?Product","Wheel"
"Wheel.RL_051","?INT?Product","Wheel"
"Wheel.RL_067","?INT?Product","Wheel"
"Wheel.RLCS2401","RLCS Birmingham Major 2025","Wheel"
"Wheel.RLCS3","Decennium Pro","Wheel"
"Wheel.RLCS4","Decennium: Frosted","Wheel"
"Wheel.RLCSRaleigh","RLCS Raleigh Major 2025","Wheel"
"Wheel.RLshield","League Shield","Wheel"
"Wheel.RLwh097SeInverted","Cytoplasm: Inverted","Wheel"
"Wheel.Rmp","Sanchez DC-137","Wheel"
"Wheel.Robo","T-I Breaker","Wheel"
"Wheel.Robota","Yastalli","Wheel"
"Wheel.Roboteye","Teller","Wheel"
"Wheel.Robuster","Twirlwind","Wheel"
"Wheel.RobusterWireFrame","Twirlwind: Schematized","Wheel"
"Wheel.Rocket","?INT?Product","Wheel"
"Wheel.Rocko","Rocko","Wheel"
"Wheel.Roe","Roeler","Wheel"
"Wheel.Rollerblades","Rollerblader","Wheel"
"Wheel.Rollerblades_SE","Rollerblader: Inverted","Wheel"
"Wheel.Rolypoly","Rolypoly","Wheel"
"Wheel.Ron","McLaren 570S","Wheel"
"Wheel.RonB","McLaren 570S (Silver)","Wheel"
"Wheel.Rose","Étoile","Wheel"
"Wheel.Rotor","Quimby","Wheel"
"Wheel.Rounder","?INT?Product","Wheel"
"Wheel.RPGoldenLychee","Sonic Looper","Wheel"
"Wheel.Ryeket","Polychrome","Wheel"
"Wheel.S1801","S18 - Bronze","Wheel"
"Wheel.S1802","S18 - Silver","Wheel"
"Wheel.S1803","S18 - Gold","Wheel"
"Wheel.S1804","S18 - Platinum","Wheel"
"Wheel.S1805","S18 - Diamond","Wheel"
"Wheel.S1806","S18 - Champion","Wheel"
"Wheel.S1807","S18 - GC","Wheel"
"Wheel.S1808","S18 - Supersonic Legend","Wheel"
"Wheel.S19RLRocketPass02","This is RL","Wheel"
"Wheel.S24Reward01","S23 - Bronze","Wheel"
"Wheel.S24Reward02","S23 - Gold","Wheel"
"Wheel.S24Reward03","S23 - Silver","Wheel"
"Wheel.S24Reward04","S23 - Platinum","Wheel"
"Wheel.S24Reward05","S23 - Diamond","Wheel"
"Wheel.S24Reward06","S23 - Champion","Wheel"
"Wheel.S24Reward07","S23 - Grand Champion","Wheel"
"Wheel.S24Reward08","S23 - Supersonic Legend","Wheel"
"Wheel.Sah","?INT?Product","Wheel"
"Wheel.Sakura","Sakura","Wheel"
"Wheel.SandScreen01","Jeep Wrangler","Wheel"
"Wheel.SandScreen02","Jeep Wrangler Off-Road","Wheel"
"Wheel.Sarpball","SARPBC","Wheel"
"Wheel.SassyA","Nissan Z Performance","Wheel"
"Wheel.Savagebound","Punked","Wheel"
"Wheel.Sayonara","Buffstuff","Wheel"
"Wheel.Scad","Menduro","Wheel"
"Wheel.Scallop","OH5","Wheel"
"Wheel.Scallop02","Hot Hot Wheels","Wheel"
"Wheel.Scar","Next Gen Goodyear Racing","Wheel"
"Wheel.Scarab","Scarab","Wheel"
"Wheel.Scruze","Cruze","Wheel"
"Wheel.SeasaltT1","Nissan Silvia","Wheel"
"Wheel.SeasaltT2","Nissan Silvia RLE","Wheel"
"Wheel.Seasonnine01","Season 9 - Bronze","Wheel"
"Wheel.Seasonnine02","Season 9 - Silver","Wheel"
"Wheel.Seasonnine03","Season 9 - Gold","Wheel"
"Wheel.Seasonnine04","Season 9 - Platinum","Wheel"
"Wheel.Seasonnine05","Season 9 - Diamond","Wheel"
"Wheel.Seasonnine06","Season 9 - Champion","Wheel"
"Wheel.Seasonsix01","Season 6 - Bronze","Wheel"
"Wheel.Seasonsix02","Season 6 - Silver","Wheel"
"Wheel.Seasonsix03","Season 6 - Gold","Wheel"
"Wheel.Seasonsix04","Season 6 - Platinum","Wheel"
"Wheel.Seasonsix05","Season 6 - Diamond","Wheel"
"Wheel.Seasonsix06","Season 6 - Champion","Wheel"
"Wheel.Seasonthirteen01","Season 13 - Bronze","Wheel"
"Wheel.Seasonthirteen02","Season 13 - Silver","Wheel"
"Wheel.Seasonthirteen03","Season 13 - Gold","Wheel"
"Wheel.Seasonthirteen04","Season 13 - Platinum","Wheel"
"Wheel.Seasonthirteen05","Season 13 - Diamond","Wheel"
"Wheel.Seasonthirteen06","Season 13 - Champion","Wheel"
"Wheel.Seasonthirteen07","Season 13 - Grand Champion","Wheel"
"Wheel.Seasonthree01","Season 3 - Prospect","Wheel"
"Wheel.Seasonthree02","Season 3 - Challenger","Wheel"
"Wheel.Seasonthree03","Season 3 - Star","Wheel"
"Wheel.Seasonthree04","Season 3 - Champion","Wheel"
"Wheel.Seastar","Asterias","Wheel"
"Wheel.Seba","Quadra Turbo-R","Wheel"
"Wheel.Seba_Rear","Quadra Turbo-R","Wheel"
"Wheel.Secai","Zhou GFP","Wheel"
"Wheel.SecretOoze","Tube Tank","Wheel"
"Wheel.Sentinel","Picket","Wheel"
"Wheel.SentinelSese","Picket: Holographic","Wheel"
"Wheel.Shades","Sunsetter","Wheel"
"Wheel.Shamrock","?INT?Product","Wheel"
"Wheel.Sharpee","Helicoprion","Wheel"
"Wheel.Shatter","Tri-mangle","Wheel"
"Wheel.ShatterSE","Tri-mangle: Remixed","Wheel"
"Wheel.Shazbot","Callusus","Wheel"
"Wheel.Sheepbolt01","Rivian R1S","Wheel"
"Wheel.Sherbet","Soar-Bae","Wheel"
"Wheel.Shogun","Shogun","Wheel"
"Wheel.ShogunSE","Shogun: Infinite","Wheel"
"Wheel.Shuriken","MetalStar","Wheel"
"Wheel.Sicky","Ochroid","Wheel"
"Wheel.Sido","Module","Wheel"
"Wheel.SidoFlare","Module: Roasted","Wheel"
"Wheel.SilverTriangle","Fulltime","Wheel"
"Wheel.Simplee","Posi-tron","Wheel"
"Wheel.Simpleton","Fineline","Wheel"
"Wheel.Sinew","Sinew","Wheel"
"Wheel.SingleSpoke","Zippy","Wheel"
"Wheel.SixtyB","BMW M240i","Wheel"
"Wheel.Skateboard","Sk8ter","Wheel"
"Wheel.SkullxBones","Servergate","Wheel"
"Wheel.Slick","Wrathogen","Wheel"
"Wheel.Slick01","Track Attack","Wheel"
"Wheel.Slick02","Infinite Overdrive","Wheel"
"Wheel.Slicker","?INT?Product","Wheel"
"Wheel.Slime","Ecto-1","Wheel"
"Wheel.SlimeB","Ecto-1 BK","Wheel"
"Wheel.Sloyo","Yo-Yo","Wheel"
"Wheel.Smood","Shebbler","Wheel"
"Wheel.Snowflake","K2","Wheel"
"Wheel.SnowFlurry","Frosty Flake","Wheel"
"Wheel.SnowTire","Mountaineer","Wheel"
"Wheel.Soccerball_Frosted","Cristiano: Frosted","Wheel"
"Wheel.SoccerballAnodized","Cristiano: Anodized","Wheel"
"Wheel.SoccerballOnline","Cristiano","Wheel"
"Wheel.SoccerballOrville","RLCS Crystalline","Wheel"
"Wheel.SoccerballSe","Cristiano: Infinite","Wheel"
"Wheel.Sog","GRIMES","Wheel"
"Wheel.Soja","Hydraul1K","Wheel"
"Wheel.Sole","Chopper EG","Wheel"
"Wheel.Space01","Throned","Wheel"
"Wheel.Spaceholy","Throned: Sacred","Wheel"
"Wheel.SpartanC","Beskar (Din Djarin)","Wheel"
"Wheel.SpartanD","Beskar (Boba Fett)","Wheel"
"Wheel.SpartanE","Beskar (Bo-Katan Kryze)","Wheel"
"Wheel.SpartanF","Beskar (The Armorer)","Wheel"
"Wheel.SpartanG","Beskar (Sabine Wren)","Wheel"
"Wheel.Speaker","Woofer","Wheel"
"Wheel.SpeakerInverted","?INT?Product","Wheel"
"Wheel.Spectral","Daemon-Kelpie","Wheel"
"Wheel.Speedy","Batterbaker","Wheel"
"Wheel.Sphere","?INT?Product","Wheel"
"Wheel.Spike01","Havoc","Wheel"
"Wheel.Spiked","Ripper","Wheel"
"Wheel.SpikeMiner","Sea Mine","Wheel"
"Wheel.SpikeMinerWireFrame","Sea Mine: Schematized","Wheel"
"Wheel.Spiker","Ruinator","Wheel"
"Wheel.SpikerInverted","Ruinator: Inverted","Wheel"
"Wheel.Spinna","SPN","Wheel"
"Wheel.Spinner","Spinner","Wheel"
"Wheel.SpinnerOnline","Spinner","Wheel"
"Wheel.SpinnerPSP","?INT?Product","Wheel"
"Wheel.Spiralizer","Spiralis","Wheel"
"Wheel.SpiralizerSE","Spiralis R2","Wheel"
"Wheel.Spitfire","Demon Disc","Wheel"
"Wheel.SpitfireSE","Demon Disc EG","Wheel"
"Wheel.Spoken","High Score","Wheel"
"Wheel.Sport67","Primetime","Wheel"
"Wheel.Sport68","?INT?Product","Wheel"
"Wheel.Sport69","?INT?Product","Wheel"
"Wheel.Sport70","?INT?Product","Wheel"
"Wheel.Sport70SE","?INT?Product","Wheel"
"Wheel.Sport71","?INT?Product","Wheel"
"Wheel.Sport72","?INT?Product","Wheel"
"Wheel.Sport72SE","?INT?Product","Wheel"
"Wheel.Sport73","Vorteka","Wheel"
"Wheel.Sport74","?INT?Product","Wheel"
"Wheel.Sport75","?INT?Product","Wheel"
"Wheel.Sport76","Forewarned","Wheel"
"Wheel.Sport76SE","Forewarned: Holographic","Wheel"
"Wheel.Sport77","?INT?Product","Wheel"
"Wheel.Sport78","?INT?Product","Wheel"
"Wheel.Sport79","?INT?Product","Wheel"
"Wheel.Sport80","Scepter","Wheel"
"Wheel.Sport80SE","Scepter: Infinite","Wheel"
"Wheel.Sporty01","Luglock","Wheel"
"Wheel.Sporty02","Razera Futura","Wheel"
"Wheel.Sporty03","Razera Ember","Wheel"
"Wheel.Sporty04","RoughRoad","Wheel"
"Wheel.Sporty05","Relentor","Wheel"
"Wheel.Sporty06","Sharptooth","Wheel"
"Wheel.Sporty07","Tru Tri","Wheel"
"Wheel.Sporty07Anni","?INT?Product","Wheel"
"Wheel.Sporty08","Silkswag","Wheel"
"Wheel.SpraycanInverted","Savage Spray: Inverted","Wheel"
"Wheel.Springy","Florescence","Wheel"
"Wheel.Sprinkle01","Title Treads","Wheel"
"Wheel.Sprinkle02","Homer's Wheels","Wheel"
"Wheel.SprinkleLTE01","Waste Wheels","Wheel"
"Wheel.SprinkleLTE02","Stonecutter White Walls","Wheel"
"Wheel.Squarrab","?INT?Product","Wheel"
"Wheel.Squash","SlamChunk","Wheel"
"Wheel.SR_09_T1","S9 - Bronze","Wheel"
"Wheel.SR_09_T2","S9 - Silver","Wheel"
"Wheel.SR_09_T3","S9 - Gold","Wheel"
"Wheel.SR_09_T4","S9 - Platinum","Wheel"
"Wheel.SR_09_T5","S9 - Diamond","Wheel"
"Wheel.SR_09_T6","S9 - Champion","Wheel"
"Wheel.SR_09_T7","S9 - Grand Champion","Wheel"
"Wheel.SR_09_T8","S9 - Supersonic Legend","Wheel"
"Wheel.SR_14_T1","S14 - Bronze","Wheel"
"Wheel.SR_14_T2","S14 - Silver","Wheel"
"Wheel.SR_14_T3","S14 - Gold","Wheel"
"Wheel.SR_14_T4","S14 - Platinum","Wheel"
"Wheel.SR_14_T5","S14 - Diamond","Wheel"
"Wheel.SR_14_T6","S14 - Champion","Wheel"
"Wheel.SR_14_T7","S14 - Grand Champion","Wheel"
"Wheel.SR_14_T8","S14 - Supersonic Legend","Wheel"
"Wheel.SrSpikeT1","S4 - Bronze","Wheel"
"Wheel.SrSpikeT2","S4 - Silver","Wheel"
"Wheel.SrSpikeT3","S4 - Gold","Wheel"
"Wheel.SrSpikeT4","S4 - Platinum","Wheel"
"Wheel.SrSpikeT5","S4 - Diamond","Wheel"
"Wheel.SrSpikeT6","S4 - Champion","Wheel"
"Wheel.SrSpikeT7","S4 - Grand Champion","Wheel"
"Wheel.SrSpikeT8","S4 - Supersonic Legend","Wheel"
"Wheel.Star","OEM","Wheel"
"Wheel.StarHolo","OEM: Holographic","Wheel"
"Wheel.StarInfinity","OEM: Infinite","Wheel"
"Wheel.Starko","Tech-nickel","Wheel"
"Wheel.Starlite","Debutante","Wheel"
"Wheel.StarliteCrystal","Debutante: Crystallized","Wheel"
"Wheel.StarlitePSP","Debutante (T+O)","Wheel"
"Wheel.Starry","E-Zeke","Wheel"
"Wheel.StarryInverted","E-Zeke","Wheel"
"Wheel.Starz","A-Lister","Wheel"
"Wheel.StarzInverted","A-Lister: Inverted","Wheel"
"Wheel.StBernard","Frosty Brew","Wheel"
"Wheel.Stello","11-Senz","Wheel"
"Wheel.StelloB","10-Senz","Wheel"
"Wheel.StickyDual","Spider-Man Symbiote","Wheel"
"Wheel.StickyPurple","Mysterio","Wheel"
"Wheel.StickySticker","Spider-Man","Wheel"
"Wheel.StormDrain","DRN","Wheel"
"Wheel.StormdrainSe","DRN: Infinite","Wheel"
"Wheel.StreetClock","Tic-King","Wheel"
"Wheel.StreetclockGlitch","Tic-King: Glitched","Wheel"
"Wheel.StubbyHog01","BMW M2 Racing","Wheel"
"Wheel.Studded","Dragon's Roost","Wheel"
"Wheel.StuddedSE","Dragon's Roost: Radiant","Wheel"
"Wheel.Stuffed","Stuffed","Wheel"
"Wheel.Subber","BG","Wheel"
"Wheel.Sunny","Happy Sunbeam","Wheel"
"Wheel.SunnyHoly","Happy Sunbeam: Sacred","Wheel"
"Wheel.Sunset","Sunset 1986","Wheel"
"Wheel.SunsetEffigyLTE01","?INT?Product","Wheel"
"Wheel.SweetTooth","Sweet Tooth","Wheel"
"Wheel.Swipe","Polaris","Wheel"
"Wheel.SwipeSe","Polaris: Remixed","Wheel"
"Wheel.Swirl","Elemental","Wheel"
"Wheel.SwirlyDuck","?INT?Product","Wheel"
"Wheel.Swish","Off-Ramp","Wheel"
"Wheel.Swoosh","Nike Air Zoom Mercurial","Wheel"
"Wheel.SwooshFC","Nike FC 2022 - Multicolor","Wheel"
"Wheel.Sync","Medianic","Wheel"
"Wheel.Tadpole","Bravado","Wheel"
"Wheel.Tadpoleinfinity","Bravado: Infinite","Wheel"
"Wheel.TagTiger01","Chrysler Pacifica","Wheel"
"Wheel.Tane","P-SIMM","Wheel"
"Wheel.TaneSE","P-SIMM: Inverted","Wheel"
"Wheel.TankerInfinity","Tanker: Infinite","Wheel"
"Wheel.TankFlare","Enjin: Roasted","Wheel"
"Wheel.Tas","?INT?Product","Wheel"
"Wheel.Ten","Bugatti Centodieci","Wheel"
"Wheel.Tennis","?INT?Product","Wheel"
"Wheel.Tensio","Kill Screen","Wheel"
"Wheel.Terracotta","Green Machine","Wheel"
"Wheel.Tertius","Playock","Wheel"
"Wheel.TertiusFF","Playock: Frosted","Wheel"
"Wheel.Teslacoil","Raijin","Wheel"
"Wheel.Tfc","Demonio","Wheel"
"Wheel.TfcInverted","Demonio: Inverted","Wheel"
"Wheel.Thunder_01","adidas - Defende","Wheel"
"Wheel.Thunder_02","adidas - Striker","Wheel"
"Wheel.Tingee","Glowup","Wheel"
"Wheel.Tomato01","?INT?Product","Wheel"
"Wheel.Tomato01_Rear","?INT?Product","Wheel"
"Wheel.Tomato02","?INT?Product","Wheel"
"Wheel.Tomato02_Rear","?INT?Product","Wheel"
"Wheel.Tomb","Batmobile (2022)","Wheel"
"Wheel.Tondi","Agasaya","Wheel"
"Wheel.TondiInverted","Agasaya: Inverted","Wheel"
"Wheel.Toon","Tyke","Wheel"
"Wheel.ToonPsplus","Spoof Star B","Wheel"
"Wheel.Toonxbg","Superstar","Wheel"
"Wheel.Topple01","BMW M4 GT3 EVO","Wheel"
"Wheel.Totaka","Nipper","Wheel"
"Wheel.TotakaAnodized","?INT?Product","Wheel"
"Wheel.Touge","Deep Tread","Wheel"
"Wheel.TrackSpice01","Mercedes 190E Evo II","Wheel"
"Wheel.TrackSpice02","Mercedes 190E Evo II Redux","Wheel"
"Wheel.Trap","Bumblebee","Wheel"
"Wheel.Tre","Hasher","Wheel"
"Wheel.TrebleMega","Sovereign A/T","Wheel"
"Wheel.TredHatch","Traction: Hatch","Wheel"
"Wheel.TreTwist","Hasher: Revolved","Wheel"
"Wheel.Triad","Invader","Wheel"
"Wheel.Trix","X-Tempo","Wheel"
"Wheel.TrixRadiant","X-Tempo: Radiant","Wheel"
"Wheel.TumbaCasa","Boomstick","Wheel"
"Wheel.Turek","Canister","Wheel"
"Wheel.TurekInfinite","Canister: Infinite","Wheel"
"Wheel.TurtleModem01","Hyundai Ioniq 6","Wheel"
"Wheel.Twist","Twista","Wheel"
"Wheel.TwistInfinity","Twista: Infinite","Wheel"
"Wheel.TwistInverted","Twista: Inverted","Wheel"
"Wheel.TwistTwist","Twista: Revolved","Wheel"
"Wheel.UFO","?INT?Product","Wheel"
"Wheel.Ultrabarro","Ultralex","Wheel"
"Wheel.Ultrabarro_Radiant","Ultralex: Radiant","Wheel"
"Wheel.UltrabarroHolographic","Ultralex: Holographic","Wheel"
"Wheel.Ultralite","Showstopper","Wheel"
"Wheel.Ultramariner","Blade Wave","Wheel"
"Wheel.UltramarinerSe","Blade Wave: Inverted","Wheel"
"Wheel.UmbraGenesis01","Mona Car","Wheel"
"Wheel.UmbraGenesis02","Phantom Thieves of Hearts (P5R)","Wheel"
"Wheel.UmbraGenesisLTE01","The Trickstar (P5R)","Wheel"
"Wheel.Urbanfin","Matchpoint","Wheel"
"Wheel.Uzumaki","Cutter","Wheel"
"Wheel.Uzumaki_Inverted","Cutter: Inverted","Wheel"
"Wheel.UzumakiPSPlus","Cutter PS","Wheel"
"Wheel.ValentineBox","Candy Box","Wheel"
"Wheel.Vangeleon","Diamante","Wheel"
"Wheel.VatoLocoHoly","ChainHelm: Sacred","Wheel"
"Wheel.Vented","Zowie","Wheel"
"Wheel.VentedSe","Zowie: Infinite","Wheel"
"Wheel.Veski","Veski","Wheel"
"Wheel.VeskiInverted","Veski: Inverted","Wheel"
"Wheel.Vevo","Mergepoint","Wheel"
"Wheel.Vibora","King Fang","Wheel"
"Wheel.Victor","Fij-It","Wheel"
"Wheel.Vida","Hephaestus","Wheel"
"Wheel.VikingAxe","Norse","Wheel"
"Wheel.Vintageskate","Alloy","Wheel"
"Wheel.Virgab","?INT?Product","Wheel"
"Wheel.VisceralTier1","Madness I","Wheel"
"Wheel.VoodoovooInverted","Poppet: Inverted","Wheel"
"Wheel.Vorta","Startis","Wheel"
"Wheel.Vortex","Vortex","Wheel"
"Wheel.VortexAnodized","Vortex: Anodized","Wheel"
"Wheel.Vulcan","Falco","Wheel"
"Wheel.Waffle","?INT?Product","Wheel"
"Wheel.Warthog","Puma","Wheel"
"Wheel.Warthog02","?INT?Product","Wheel"
"Wheel.Washy","?INT?Product","Wheel"
"Wheel.WashyFlare","?INT?Product","Wheel"
"Wheel.WastelandTruck","Grog","Wheel"
"Wheel.Watermelon","Watermelon","Wheel"
"Wheel.Wedding","Hearse","Wheel"
"Wheel.Wedgie","?INT?Product","Wheel"
"Wheel.Wheelie","Shortwire","Wheel"
"Wheel.Whiplash","Whiplash","Wheel"
"Wheel.Whisper","Whisperer","Wheel"
"Wheel.Whitewall","Formal Four-Fours","Wheel"
"Wheel.Woodshop","Buzzsaw","Wheel"
"Wheel.Wrench","Spanner","Wheel"
"Wheel.WrenchInverted","Spanner: Inverted","Wheel"
"Wheel.Ww","Wonder Woman","Wheel"
"Wheel.Wynd","Sunburst","Wheel"
"Wheel.Xbgp","?INT?Product","Wheel"
"Wheel.Xg2","X Games","Wheel"
"Wheel.Xmat","Hanasha JRL","Wheel"
"Wheel.Xmat_Multichrome","Hanasha JRL: Multichrome","Wheel"
"Wheel.Yamane","Yamane","Wheel"
"Wheel.Yee","Cooperduper","Wheel"
"Wheel.YeeGlitch","Cooperduper: Glitched","Wheel"
"Wheel.YeeInfinite","?INT?Product","Wheel"
"Wheel.Yilmaz","Maz","Wheel"
"Wheel.YilmazHolographic","Maz: Holographic","Wheel"
"Wheel.YinYang","Yin-Yang","Wheel"
"Wheel.YinYangCats","Yin Yang Cats","Wheel"
"Wheel.Yokedout","Yoked-1K","Wheel"
"Wheel.YokedOutNegative","Yoked-1K: Obverse","Wheel"
"Wheel.Yolky","Yolky","Wheel"
"Wheel.Yuzo","Yuzo","Wheel"
"Wheel.YuzoRlcs","?INT?Product","Wheel"
"Wheel.Zag_01","ZT-17","Wheel"
"Wheel.Zag_02","Z-Plate","Wheel"
"Wheel.ZedThirty01","Nissan 350Z","Wheel"
"Wheel.Zemo","Irradiator","Wheel"
"Wheel.ZemoSe","Irradiator: Infinite","Wheel"
"Wheel.Zeta","Zeta","Wheel"
"Wheel.Zigzag","Accelerace","Wheel"
"Wheel.ZigzagSE","Accelerace: Inverted","Wheel"
"Wheel.Zoid","MainStreet","Wheel"
"Wheel.Zoko","Zoko","Wheel"
"Wheel.ZokoInverted","Zoko: Inverted","Wheel"
"Wheel.Zoned","Grappler","Wheel"
"Wheel.Zooms","Tungsten","Wheel"
"Wheel.Zore","Aetherius","Wheel"
"Wheel.ZRF","Fennec ZR-F","Wheel"
"Wheel.Zteighteen","ZT-19 GS","Wheel"
"Wheel.Zteighteenb","ZT-19","Wheel"
"Wheel.Zuka","Gala","Wheel"
"Wheel.Zuse","Cruise Caliber","Wheel"
"Wheel.Zytech","Zytech","Wheel"
